cement,blast_furnace_slag,fly_ash,water,superplasticizer,coarse_aggregate,fine_aggregate,age,concrete_compressive_strength
540.0,0.0,0.0,162.0,2.5,1040.0,676.0,28,79.98999786376953
540.0,0.0,0.0,162.0,2.5,1055.0,676.0,28,61.88999938964844
332.5,142.5,0.0,228.0,0.0,932.0,594.0,270,40.27000045776367
332.5,142.5,0.0,228.0,0.0,932.0,594.0,365,41.04999923706055
198.60000610351562,132.39999389648438,0.0,192.0,0.0,978.4000244140625,825.5,360,44.29999923706055
266.0,114.0,0.0,228.0,0.0,932.0,670.0,90,47.029998779296875
380.0,95.0,0.0,228.0,0.0,932.0,594.0,365,43.70000076293945
380.0,95.0,0.0,228.0,0.0,932.0,594.0,28,36.45000076293945
266.0,114.0,0.0,228.0,0.0,932.0,670.0,28,45.849998474121094
475.0,0.0,0.0,228.0,0.0,932.0,594.0,28,39.290000915527344
198.60000610351562,132.39999389648438,0.0,192.0,0.0,978.4000244140625,825.5,90,38.06999969482422
198.60000610351562,132.39999389648438,0.0,192.0,0.0,978.4000244140625,825.5,28,28.020000457763672
427.5,47.5,0.0,228.0,0.0,932.0,594.0,270,43.0099983215332
190.0,190.0,0.0,228.0,0.0,932.0,670.0,90,42.33000183105469
304.0,76.0,0.0,228.0,0.0,932.0,670.0,28,47.810001373291016
380.0,0.0,0.0,228.0,0.0,932.0,670.0,90,52.90999984741211
139.60000610351562,209.39999389648438,0.0,192.0,0.0,1047.0,806.9000244140625,90,39.36000061035156
342.0,38.0,0.0,228.0,0.0,932.0,670.0,365,56.13999938964844
380.0,95.0,0.0,228.0,0.0,932.0,594.0,90,40.560001373291016
475.0,0.0,0.0,228.0,0.0,932.0,594.0,180,42.619998931884766
427.5,47.5,0.0,228.0,0.0,932.0,594.0,180,41.84000015258789
139.60000610351562,209.39999389648438,0.0,192.0,0.0,1047.0,806.9000244140625,28,28.239999771118164
139.60000610351562,209.39999389648438,0.0,192.0,0.0,1047.0,806.9000244140625,3,8.0600004196167
139.60000610351562,209.39999389648438,0.0,192.0,0.0,1047.0,806.9000244140625,180,44.209999084472656
380.0,0.0,0.0,228.0,0.0,932.0,670.0,365,52.52000045776367
380.0,0.0,0.0,228.0,0.0,932.0,670.0,270,53.29999923706055
380.0,95.0,0.0,228.0,0.0,932.0,594.0,270,41.150001525878906
342.0,38.0,0.0,228.0,0.0,932.0,670.0,180,52.119998931884766
427.5,47.5,0.0,228.0,0.0,932.0,594.0,28,37.43000030517578
475.0,0.0,0.0,228.0,0.0,932.0,594.0,7,38.599998474121094
304.0,76.0,0.0,228.0,0.0,932.0,670.0,365,55.2599983215332
266.0,114.0,0.0,228.0,0.0,932.0,670.0,365,52.90999984741211
198.60000610351562,132.39999389648438,0.0,192.0,0.0,978.4000244140625,825.5,180,41.720001220703125
475.0,0.0,0.0,228.0,0.0,932.0,594.0,270,42.130001068115234
190.0,190.0,0.0,228.0,0.0,932.0,670.0,365,53.689998626708984
237.5,237.5,0.0,228.0,0.0,932.0,594.0,270,38.40999984741211
237.5,237.5,0.0,228.0,0.0,932.0,594.0,28,30.079999923706055
332.5,142.5,0.0,228.0,0.0,932.0,594.0,90,37.720001220703125
475.0,0.0,0.0,228.0,0.0,932.0,594.0,90,42.22999954223633
237.5,237.5,0.0,228.0,0.0,932.0,594.0,180,36.25
342.0,38.0,0.0,228.0,0.0,932.0,670.0,90,50.459999084472656
427.5,47.5,0.0,228.0,0.0,932.0,594.0,365,43.70000076293945
237.5,237.5,0.0,228.0,0.0,932.0,594.0,365,39.0
380.0,0.0,0.0,228.0,0.0,932.0,670.0,180,53.099998474121094
427.5,47.5,0.0,228.0,0.0,932.0,594.0,90,41.540000915527344
427.5,47.5,0.0,228.0,0.0,932.0,594.0,7,35.08000183105469
349.0,0.0,0.0,192.0,0.0,1047.0,806.9000244140625,3,15.050000190734863
380.0,95.0,0.0,228.0,0.0,932.0,594.0,180,40.7599983215332
237.5,237.5,0.0,228.0,0.0,932.0,594.0,7,26.260000228881836
380.0,95.0,0.0,228.0,0.0,932.0,594.0,7,32.81999969482422
332.5,142.5,0.0,228.0,0.0,932.0,594.0,180,39.779998779296875
190.0,190.0,0.0,228.0,0.0,932.0,670.0,180,46.93000030517578
237.5,237.5,0.0,228.0,0.0,932.0,594.0,90,33.119998931884766
304.0,76.0,0.0,228.0,0.0,932.0,670.0,90,49.189998626708984
139.60000610351562,209.39999389648438,0.0,192.0,0.0,1047.0,806.9000244140625,7,14.59000015258789
198.60000610351562,132.39999389648438,0.0,192.0,0.0,978.4000244140625,825.5,7,14.640000343322754
475.0,0.0,0.0,228.0,0.0,932.0,594.0,365,41.93000030517578
198.60000610351562,132.39999389648438,0.0,192.0,0.0,978.4000244140625,825.5,3,9.130000114440918
304.0,76.0,0.0,228.0,0.0,932.0,670.0,180,50.95000076293945
332.5,142.5,0.0,228.0,0.0,932.0,594.0,28,33.02000045776367
304.0,76.0,0.0,228.0,0.0,932.0,670.0,270,54.380001068115234
266.0,114.0,0.0,228.0,0.0,932.0,670.0,270,51.72999954223633
310.0,0.0,0.0,192.0,0.0,971.0,850.5999755859375,3,9.869999885559082
190.0,190.0,0.0,228.0,0.0,932.0,670.0,270,50.65999984741211
266.0,114.0,0.0,228.0,0.0,932.0,670.0,180,48.70000076293945
342.0,38.0,0.0,228.0,0.0,932.0,670.0,270,55.060001373291016
139.60000610351562,209.39999389648438,0.0,192.0,0.0,1047.0,806.9000244140625,360,44.70000076293945
332.5,142.5,0.0,228.0,0.0,932.0,594.0,7,30.280000686645508
190.0,190.0,0.0,228.0,0.0,932.0,670.0,28,40.86000061035156
485.0,0.0,0.0,146.0,0.0,1120.0,800.0,28,71.98999786376953
374.0,189.1999969482422,0.0,170.10000610351562,10.100000381469727,926.0999755859375,756.7000122070312,3,34.400001525878906
313.29998779296875,262.20001220703125,0.0,175.5,8.600000381469727,1046.9000244140625,611.7999877929688,3,28.799999237060547
425.0,106.30000305175781,0.0,153.5,16.5,852.0999755859375,887.0999755859375,3,33.400001525878906
425.0,106.30000305175781,0.0,151.39999389648438,18.600000381469727,936.0,803.7000122070312,3,36.29999923706055
375.0,93.80000305175781,0.0,126.5999984741211,23.399999618530273,852.0999755859375,992.5999755859375,3,29.0
475.0,118.80000305175781,0.0,181.10000610351562,8.899999618530273,852.0999755859375,781.5,3,37.79999923706055
469.0,117.19999694824219,0.0,137.8000030517578,32.20000076293945,852.0999755859375,840.5,3,40.20000076293945
425.0,106.30000305175781,0.0,153.5,16.5,852.0999755859375,887.0999755859375,3,33.400001525878906
388.6000061035156,97.0999984741211,0.0,157.89999389648438,12.100000381469727,852.0999755859375,925.7000122070312,3,28.100000381469727
531.2999877929688,0.0,0.0,141.8000030517578,28.200000762939453,852.0999755859375,893.7000122070312,3,41.29999923706055
425.0,106.30000305175781,0.0,153.5,16.5,852.0999755859375,887.0999755859375,3,33.400001525878906
318.79998779296875,212.5,0.0,155.6999969482422,14.300000190734863,852.0999755859375,880.4000244140625,3,25.200000762939453
401.79998779296875,94.69999694824219,0.0,147.39999389648438,11.399999618530273,946.7999877929688,852.0999755859375,3,41.099998474121094
362.6000061035156,189.0,0.0,164.89999389648438,11.600000381469727,944.7000122070312,755.7999877929688,3,35.29999923706055
323.70001220703125,282.79998779296875,0.0,183.8000030517578,10.300000190734863,942.7000122070312,659.9000244140625,3,28.299999237060547
379.5,151.1999969482422,0.0,153.89999389648438,15.899999618530273,1134.300048828125,605.0,3,28.600000381469727
362.6000061035156,189.0,0.0,164.89999389648438,11.600000381469727,944.7000122070312,755.7999877929688,3,35.29999923706055
286.29998779296875,200.89999389648438,0.0,144.6999969482422,11.199999809265137,1004.5999755859375,803.7000122070312,3,24.399999618530273
362.6000061035156,189.0,0.0,164.89999389648438,11.600000381469727,944.7000122070312,755.7999877929688,3,35.29999923706055
439.0,177.0,0.0,186.0,11.100000381469727,884.9000244140625,707.9000244140625,3,39.29999923706055
389.8999938964844,189.0,0.0,145.89999389648438,22.0,944.7000122070312,755.7999877929688,3,40.599998474121094
362.6000061035156,189.0,0.0,164.89999389648438,11.600000381469727,944.7000122070312,755.7999877929688,3,35.29999923706055
337.8999938964844,189.0,0.0,174.89999389648438,9.5,944.7000122070312,755.7999877929688,3,24.100000381469727
374.0,189.1999969482422,0.0,170.10000610351562,10.100000381469727,926.0999755859375,756.7000122070312,7,46.20000076293945
313.29998779296875,262.20001220703125,0.0,175.5,8.600000381469727,1046.9000244140625,611.7999877929688,7,42.79999923706055
425.0,106.30000305175781,0.0,153.5,16.5,852.0999755859375,887.0999755859375,7,49.20000076293945
425.0,106.30000305175781,0.0,151.39999389648438,18.600000381469727,936.0,803.7000122070312,7,46.79999923706055
375.0,93.80000305175781,0.0,126.5999984741211,23.399999618530273,852.0999755859375,992.5999755859375,7,45.70000076293945
475.0,118.80000305175781,0.0,181.10000610351562,8.899999618530273,852.0999755859375,781.5,7,55.599998474121094
469.0,117.19999694824219,0.0,137.8000030517578,32.20000076293945,852.0999755859375,840.5,7,54.900001525878906
425.0,106.30000305175781,0.0,153.5,16.5,852.0999755859375,887.0999755859375,7,49.20000076293945
388.6000061035156,97.0999984741211,0.0,157.89999389648438,12.100000381469727,852.0999755859375,925.7000122070312,7,34.900001525878906
531.2999877929688,0.0,0.0,141.8000030517578,28.200000762939453,852.0999755859375,893.7000122070312,7,46.900001525878906
425.0,106.30000305175781,0.0,153.5,16.5,852.0999755859375,887.0999755859375,7,49.20000076293945
318.79998779296875,212.5,0.0,155.6999969482422,14.300000190734863,852.0999755859375,880.4000244140625,7,33.400001525878906
401.79998779296875,94.69999694824219,0.0,147.39999389648438,11.399999618530273,946.7999877929688,852.0999755859375,7,54.099998474121094
362.6000061035156,189.0,0.0,164.89999389648438,11.600000381469727,944.7000122070312,755.7999877929688,7,55.900001525878906
323.70001220703125,282.79998779296875,0.0,183.8000030517578,10.300000190734863,942.7000122070312,659.9000244140625,7,49.79999923706055
379.5,151.1999969482422,0.0,153.89999389648438,15.899999618530273,1134.300048828125,605.0,7,47.099998474121094
362.6000061035156,189.0,0.0,164.89999389648438,11.600000381469727,944.7000122070312,755.7999877929688,7,55.900001525878906
286.29998779296875,200.89999389648438,0.0,144.6999969482422,11.199999809265137,1004.5999755859375,803.7000122070312,7,38.0
362.6000061035156,189.0,0.0,164.89999389648438,11.600000381469727,944.7000122070312,755.7999877929688,7,55.900001525878906
439.0,177.0,0.0,186.0,11.100000381469727,884.9000244140625,707.9000244140625,7,56.099998474121094
389.8999938964844,189.0,0.0,145.89999389648438,22.0,944.7000122070312,755.7999877929688,7,59.09000015258789
362.6000061035156,189.0,0.0,164.89999389648438,11.600000381469727,944.7000122070312,755.7999877929688,7,22.899999618530273
337.8999938964844,189.0,0.0,174.89999389648438,9.5,944.7000122070312,755.7999877929688,7,35.099998474121094
374.0,189.1999969482422,0.0,170.10000610351562,10.100000381469727,926.0999755859375,756.7000122070312,28,61.09000015258789
313.29998779296875,262.20001220703125,0.0,175.5,8.600000381469727,1046.9000244140625,611.7999877929688,28,59.79999923706055
425.0,106.30000305175781,0.0,153.5,16.5,852.0999755859375,887.0999755859375,28,60.290000915527344
425.0,106.30000305175781,0.0,151.39999389648438,18.600000381469727,936.0,803.7000122070312,28,61.79999923706055
375.0,93.80000305175781,0.0,126.5999984741211,23.399999618530273,852.0999755859375,992.5999755859375,28,56.70000076293945
475.0,118.80000305175781,0.0,181.10000610351562,8.899999618530273,852.0999755859375,781.5,28,68.30000305175781
469.0,117.19999694824219,0.0,137.8000030517578,32.20000076293945,852.0999755859375,840.5,28,66.9000015258789
425.0,106.30000305175781,0.0,153.5,16.5,852.0999755859375,887.0999755859375,28,60.290000915527344
388.6000061035156,97.0999984741211,0.0,157.89999389648438,12.100000381469727,852.0999755859375,925.7000122070312,28,50.70000076293945
531.2999877929688,0.0,0.0,141.8000030517578,28.200000762939453,852.0999755859375,893.7000122070312,28,56.400001525878906
425.0,106.30000305175781,0.0,153.5,16.5,852.0999755859375,887.0999755859375,28,60.290000915527344
318.79998779296875,212.5,0.0,155.6999969482422,14.300000190734863,852.0999755859375,880.4000244140625,28,55.5
401.79998779296875,94.69999694824219,0.0,147.39999389648438,11.399999618530273,946.7999877929688,852.0999755859375,28,68.5
362.6000061035156,189.0,0.0,164.89999389648438,11.600000381469727,944.7000122070312,755.7999877929688,28,71.30000305175781
323.70001220703125,282.79998779296875,0.0,183.8000030517578,10.300000190734863,942.7000122070312,659.9000244140625,28,74.69999694824219
379.5,151.1999969482422,0.0,153.89999389648438,15.899999618530273,1134.300048828125,605.0,28,52.20000076293945
362.6000061035156,189.0,0.0,164.89999389648438,11.600000381469727,944.7000122070312,755.7999877929688,28,71.30000305175781
286.29998779296875,200.89999389648438,0.0,144.6999969482422,11.199999809265137,1004.5999755859375,803.7000122070312,28,67.69999694824219
362.6000061035156,189.0,0.0,164.89999389648438,11.600000381469727,944.7000122070312,755.7999877929688,28,71.30000305175781
439.0,177.0,0.0,186.0,11.100000381469727,884.9000244140625,707.9000244140625,28,66.0
389.8999938964844,189.0,0.0,145.89999389648438,22.0,944.7000122070312,755.7999877929688,28,74.5
362.6000061035156,189.0,0.0,164.89999389648438,11.600000381469727,944.7000122070312,755.7999877929688,28,71.30000305175781
337.8999938964844,189.0,0.0,174.89999389648438,9.5,944.7000122070312,755.7999877929688,28,49.900001525878906
374.0,189.1999969482422,0.0,170.10000610351562,10.100000381469727,926.0999755859375,756.7000122070312,56,63.400001525878906
313.29998779296875,262.20001220703125,0.0,175.5,8.600000381469727,1046.9000244140625,611.7999877929688,56,64.9000015258789
425.0,106.30000305175781,0.0,153.5,16.5,852.0999755859375,887.0999755859375,56,64.30000305175781
425.0,106.30000305175781,0.0,151.39999389648438,18.600000381469727,936.0,803.7000122070312,56,64.9000015258789
375.0,93.80000305175781,0.0,126.5999984741211,23.399999618530273,852.0999755859375,992.5999755859375,56,60.20000076293945
475.0,118.80000305175781,0.0,181.10000610351562,8.899999618530273,852.0999755859375,781.5,56,72.30000305175781
469.0,117.19999694824219,0.0,137.8000030517578,32.20000076293945,852.0999755859375,840.5,56,69.30000305175781
425.0,106.30000305175781,0.0,153.5,16.5,852.0999755859375,887.0999755859375,56,64.30000305175781
388.6000061035156,97.0999984741211,0.0,157.89999389648438,12.100000381469727,852.0999755859375,925.7000122070312,56,55.20000076293945
531.2999877929688,0.0,0.0,141.8000030517578,28.200000762939453,852.0999755859375,893.7000122070312,56,58.79999923706055
425.0,106.30000305175781,0.0,153.5,16.5,852.0999755859375,887.0999755859375,56,64.30000305175781
318.79998779296875,212.5,0.0,155.6999969482422,14.300000190734863,852.0999755859375,880.4000244140625,56,66.0999984741211
401.79998779296875,94.69999694824219,0.0,147.39999389648438,11.399999618530273,946.7999877929688,852.0999755859375,56,73.69999694824219
362.6000061035156,189.0,0.0,164.89999389648438,11.600000381469727,944.7000122070312,755.7999877929688,56,77.30000305175781
323.70001220703125,282.79998779296875,0.0,183.8000030517578,10.300000190734863,942.7000122070312,659.9000244140625,56,80.19999694824219
379.5,151.1999969482422,0.0,153.89999389648438,15.899999618530273,1134.300048828125,605.0,56,54.900001525878906
362.6000061035156,189.0,0.0,164.89999389648438,11.600000381469727,944.7000122070312,755.7999877929688,56,77.30000305175781
286.29998779296875,200.89999389648438,0.0,144.6999969482422,11.199999809265137,1004.5999755859375,803.7000122070312,56,72.98999786376953
362.6000061035156,189.0,0.0,164.89999389648438,11.600000381469727,944.7000122070312,755.7999877929688,56,77.30000305175781
439.0,177.0,0.0,186.0,11.100000381469727,884.9000244140625,707.9000244140625,56,71.69999694824219
389.8999938964844,189.0,0.0,145.89999389648438,22.0,944.7000122070312,755.7999877929688,56,79.4000015258789
362.6000061035156,189.0,0.0,164.89999389648438,11.600000381469727,944.7000122070312,755.7999877929688,56,77.30000305175781
337.8999938964844,189.0,0.0,174.89999389648438,9.5,944.7000122070312,755.7999877929688,56,59.88999938964844
374.0,189.1999969482422,0.0,170.10000610351562,10.100000381469727,926.0999755859375,756.7000122070312,91,64.9000015258789
313.29998779296875,262.20001220703125,0.0,175.5,8.600000381469727,1046.9000244140625,611.7999877929688,91,66.5999984741211
425.0,106.30000305175781,0.0,153.5,16.5,852.0999755859375,887.0999755859375,91,65.19999694824219
425.0,106.30000305175781,0.0,151.39999389648438,18.600000381469727,936.0,803.7000122070312,91,66.69999694824219
375.0,93.80000305175781,0.0,126.5999984741211,23.399999618530273,852.0999755859375,992.5999755859375,91,62.5
475.0,118.80000305175781,0.0,181.10000610351562,8.899999618530273,852.0999755859375,781.5,91,74.19000244140625
469.0,117.19999694824219,0.0,137.8000030517578,32.20000076293945,852.0999755859375,840.5,91,70.69999694824219
425.0,106.30000305175781,0.0,153.5,16.5,852.0999755859375,887.0999755859375,91,65.19999694824219
388.6000061035156,97.0999984741211,0.0,157.89999389648438,12.100000381469727,852.0999755859375,925.7000122070312,91,57.599998474121094
531.2999877929688,0.0,0.0,141.8000030517578,28.200000762939453,852.0999755859375,893.7000122070312,91,59.20000076293945
425.0,106.30000305175781,0.0,153.5,16.5,852.0999755859375,887.0999755859375,91,65.19999694824219
318.79998779296875,212.5,0.0,155.6999969482422,14.300000190734863,852.0999755859375,880.4000244140625,91,68.0999984741211
401.79998779296875,94.69999694824219,0.0,147.39999389648438,11.399999618530273,946.7999877929688,852.0999755859375,91,75.5
362.6000061035156,189.0,0.0,164.89999389648438,11.600000381469727,944.7000122070312,755.7999877929688,91,79.30000305175781
379.5,151.1999969482422,0.0,153.89999389648438,15.899999618530273,1134.300048828125,605.0,91,56.5
362.6000061035156,189.0,0.0,164.89999389648438,11.600000381469727,944.7000122070312,755.7999877929688,91,79.30000305175781
286.29998779296875,200.89999389648438,0.0,144.6999969482422,11.199999809265137,1004.5999755859375,803.7000122070312,91,76.80000305175781
362.6000061035156,189.0,0.0,164.89999389648438,11.600000381469727,944.7000122070312,755.7999877929688,91,79.30000305175781
439.0,177.0,0.0,186.0,11.100000381469727,884.9000244140625,707.9000244140625,91,73.30000305175781
389.8999938964844,189.0,0.0,145.89999389648438,22.0,944.7000122070312,755.7999877929688,91,82.5999984741211
362.6000061035156,189.0,0.0,164.89999389648438,11.600000381469727,944.7000122070312,755.7999877929688,91,79.30000305175781
337.8999938964844,189.0,0.0,174.89999389648438,9.5,944.7000122070312,755.7999877929688,91,67.80000305175781
222.39999389648438,0.0,96.69999694824219,189.3000030517578,4.5,967.0999755859375,870.2999877929688,3,11.579999923706055
222.39999389648438,0.0,96.69999694824219,189.3000030517578,4.5,967.0999755859375,870.2999877929688,14,24.450000762939453
222.39999389648438,0.0,96.69999694824219,189.3000030517578,4.5,967.0999755859375,870.2999877929688,28,24.889999389648438
222.39999389648438,0.0,96.69999694824219,189.3000030517578,4.5,967.0999755859375,870.2999877929688,56,29.450000762939453
222.39999389648438,0.0,96.69999694824219,189.3000030517578,4.5,967.0999755859375,870.2999877929688,100,40.709999084472656
233.8000030517578,0.0,94.5999984741211,197.89999389648438,4.599999904632568,947.0,852.2000122070312,3,10.380000114440918
233.8000030517578,0.0,94.5999984741211,197.89999389648438,4.599999904632568,947.0,852.2000122070312,14,22.139999389648438
233.8000030517578,0.0,94.5999984741211,197.89999389648438,4.599999904632568,947.0,852.2000122070312,28,22.84000015258789
233.8000030517578,0.0,94.5999984741211,197.89999389648438,4.599999904632568,947.0,852.2000122070312,56,27.65999984741211
233.8000030517578,0.0,94.5999984741211,197.89999389648438,4.599999904632568,947.0,852.2000122070312,100,34.560001373291016
194.6999969482422,0.0,100.5,165.60000610351562,7.5,1006.4000244140625,905.9000244140625,3,12.449999809265137
194.6999969482422,0.0,100.5,165.60000610351562,7.5,1006.4000244140625,905.9000244140625,14,24.989999771118164
194.6999969482422,0.0,100.5,165.60000610351562,7.5,1006.4000244140625,905.9000244140625,28,25.719999313354492
194.6999969482422,0.0,100.5,165.60000610351562,7.5,1006.4000244140625,905.9000244140625,56,33.959999084472656
194.6999969482422,0.0,100.5,165.60000610351562,7.5,1006.4000244140625,905.9000244140625,100,37.34000015258789
190.6999969482422,0.0,125.4000015258789,162.10000610351562,7.800000190734863,1090.0,804.0,3,15.039999961853027
190.6999969482422,0.0,125.4000015258789,162.10000610351562,7.800000190734863,1090.0,804.0,14,21.059999465942383
190.6999969482422,0.0,125.4000015258789,162.10000610351562,7.800000190734863,1090.0,804.0,28,26.399999618530273
190.6999969482422,0.0,125.4000015258789,162.10000610351562,7.800000190734863,1090.0,804.0,56,35.34000015258789
190.6999969482422,0.0,125.4000015258789,162.10000610351562,7.800000190734863,1090.0,804.0,100,40.56999969482422
212.10000610351562,0.0,121.5999984741211,180.3000030517578,5.699999809265137,1057.5999755859375,779.2999877929688,3,12.470000267028809
212.10000610351562,0.0,121.5999984741211,180.3000030517578,5.699999809265137,1057.5999755859375,779.2999877929688,14,20.920000076293945
212.10000610351562,0.0,121.5999984741211,180.3000030517578,5.699999809265137,1057.5999755859375,779.2999877929688,28,24.899999618530273
212.10000610351562,0.0,121.5999984741211,180.3000030517578,5.699999809265137,1057.5999755859375,779.2999877929688,56,34.20000076293945
212.10000610351562,0.0,121.5999984741211,180.3000030517578,5.699999809265137,1057.5999755859375,779.2999877929688,100,39.61000061035156
230.0,0.0,118.30000305175781,195.5,4.599999904632568,1029.4000244140625,758.5999755859375,3,10.029999732971191
230.0,0.0,118.30000305175781,195.5,4.599999904632568,1029.4000244140625,758.5999755859375,14,20.079999923706055
230.0,0.0,118.30000305175781,195.5,4.599999904632568,1029.4000244140625,758.5999755859375,28,24.479999542236328
230.0,0.0,118.30000305175781,195.5,4.599999904632568,1029.4000244140625,758.5999755859375,56,31.540000915527344
230.0,0.0,118.30000305175781,195.5,4.599999904632568,1029.4000244140625,758.5999755859375,100,35.34000015258789
190.3000030517578,0.0,125.19999694824219,161.89999389648438,9.899999618530273,1088.0999755859375,802.5999755859375,3,9.449999809265137
190.3000030517578,0.0,125.19999694824219,161.89999389648438,9.899999618530273,1088.0999755859375,802.5999755859375,14,22.719999313354492
190.3000030517578,0.0,125.19999694824219,161.89999389648438,9.899999618530273,1088.0999755859375,802.5999755859375,28,28.469999313354492
190.3000030517578,0.0,125.19999694824219,161.89999389648438,9.899999618530273,1088.0999755859375,802.5999755859375,56,38.560001373291016
190.3000030517578,0.0,125.19999694824219,161.89999389648438,9.899999618530273,1088.0999755859375,802.5999755859375,100,40.38999938964844
166.10000610351562,0.0,163.3000030517578,176.5,4.5,1058.5999755859375,780.0999755859375,3,10.760000228881836
166.10000610351562,0.0,163.3000030517578,176.5,4.5,1058.5999755859375,780.0999755859375,14,25.479999542236328
166.10000610351562,0.0,163.3000030517578,176.5,4.5,1058.5999755859375,780.0999755859375,28,21.540000915527344
166.10000610351562,0.0,163.3000030517578,176.5,4.5,1058.5999755859375,780.0999755859375,56,28.6299991607666
166.10000610351562,0.0,163.3000030517578,176.5,4.5,1058.5999755859375,780.0999755859375,100,33.540000915527344
168.0,42.099998474121094,163.8000030517578,121.80000305175781,5.699999809265137,1058.699951171875,780.0999755859375,3,7.75
168.0,42.099998474121094,163.8000030517578,121.80000305175781,5.699999809265137,1058.699951171875,780.0999755859375,14,17.81999969482422
168.0,42.099998474121094,163.8000030517578,121.80000305175781,5.699999809265137,1058.699951171875,780.0999755859375,28,24.239999771118164
168.0,42.099998474121094,163.8000030517578,121.80000305175781,5.699999809265137,1058.699951171875,780.0999755859375,56,32.849998474121094
168.0,42.099998474121094,163.8000030517578,121.80000305175781,5.699999809265137,1058.699951171875,780.0999755859375,100,39.22999954223633
213.6999969482422,98.0999984741211,24.5,181.6999969482422,6.900000095367432,1065.800048828125,785.4000244140625,3,18.0
213.6999969482422,98.0999984741211,24.5,181.6999969482422,6.900000095367432,1065.800048828125,785.4000244140625,14,30.389999389648438
213.6999969482422,98.0999984741211,24.5,181.6999969482422,6.900000095367432,1065.800048828125,785.4000244140625,28,45.709999084472656
213.6999969482422,98.0999984741211,24.5,181.6999969482422,6.900000095367432,1065.800048828125,785.4000244140625,56,50.77000045776367
213.6999969482422,98.0999984741211,24.5,181.6999969482422,6.900000095367432,1065.800048828125,785.4000244140625,100,53.900001525878906
213.8000030517578,98.0999984741211,24.5,181.6999969482422,6.699999809265137,1066.0,785.5,3,13.180000305175781
213.8000030517578,98.0999984741211,24.5,181.6999969482422,6.699999809265137,1066.0,785.5,14,17.84000015258789
213.8000030517578,98.0999984741211,24.5,181.6999969482422,6.699999809265137,1066.0,785.5,28,40.22999954223633
213.8000030517578,98.0999984741211,24.5,181.6999969482422,6.699999809265137,1066.0,785.5,56,47.130001068115234
213.8000030517578,98.0999984741211,24.5,181.6999969482422,6.699999809265137,1066.0,785.5,100,49.970001220703125
229.6999969482422,0.0,118.19999694824219,195.1999969482422,6.099999904632568,1028.0999755859375,757.5999755859375,3,13.359999656677246
229.6999969482422,0.0,118.19999694824219,195.1999969482422,6.099999904632568,1028.0999755859375,757.5999755859375,14,22.31999969482422
229.6999969482422,0.0,118.19999694824219,195.1999969482422,6.099999904632568,1028.0999755859375,757.5999755859375,28,24.540000915527344
229.6999969482422,0.0,118.19999694824219,195.1999969482422,6.099999904632568,1028.0999755859375,757.5999755859375,56,31.350000381469727
229.6999969482422,0.0,118.19999694824219,195.1999969482422,6.099999904632568,1028.0999755859375,757.5999755859375,100,40.86000061035156
238.10000610351562,0.0,94.0999984741211,186.6999969482422,7.0,949.9000244140625,847.0,3,19.93000030517578
238.10000610351562,0.0,94.0999984741211,186.6999969482422,7.0,949.9000244140625,847.0,14,25.690000534057617
238.10000610351562,0.0,94.0999984741211,186.6999969482422,7.0,949.9000244140625,847.0,28,30.229999542236328
238.10000610351562,0.0,94.0999984741211,186.6999969482422,7.0,949.9000244140625,847.0,56,39.59000015258789
238.10000610351562,0.0,94.0999984741211,186.6999969482422,7.0,949.9000244140625,847.0,100,44.29999923706055
250.0,0.0,95.69999694824219,187.39999389648438,5.5,956.9000244140625,861.2000122070312,3,13.819999694824219
250.0,0.0,95.69999694824219,187.39999389648438,5.5,956.9000244140625,861.2000122070312,14,24.920000076293945
250.0,0.0,95.69999694824219,187.39999389648438,5.5,956.9000244140625,861.2000122070312,28,29.219999313354492
250.0,0.0,95.69999694824219,187.39999389648438,5.5,956.9000244140625,861.2000122070312,56,38.33000183105469
250.0,0.0,95.69999694824219,187.39999389648438,5.5,956.9000244140625,861.2000122070312,100,42.349998474121094
212.5,0.0,100.4000015258789,159.3000030517578,8.699999809265137,1007.7999877929688,903.5999755859375,3,13.539999961853027
212.5,0.0,100.4000015258789,159.3000030517578,8.699999809265137,1007.7999877929688,903.5999755859375,14,26.309999465942383
212.5,0.0,100.4000015258789,159.3000030517578,8.699999809265137,1007.7999877929688,903.5999755859375,28,31.639999389648438
212.5,0.0,100.4000015258789,159.3000030517578,8.699999809265137,1007.7999877929688,903.5999755859375,56,42.54999923706055
212.5,0.0,100.4000015258789,159.3000030517578,8.699999809265137,1007.7999877929688,903.5999755859375,100,42.91999816894531
212.60000610351562,0.0,100.4000015258789,159.39999389648438,10.399999618530273,1003.7999877929688,903.7999877929688,3,13.329999923706055
212.60000610351562,0.0,100.4000015258789,159.39999389648438,10.399999618530273,1003.7999877929688,903.7999877929688,14,25.3700008392334
212.60000610351562,0.0,100.4000015258789,159.39999389648438,10.399999618530273,1003.7999877929688,903.7999877929688,28,37.400001525878906
212.60000610351562,0.0,100.4000015258789,159.39999389648438,10.399999618530273,1003.7999877929688,903.7999877929688,56,44.400001525878906
212.60000610351562,0.0,100.4000015258789,159.39999389648438,10.399999618530273,1003.7999877929688,903.7999877929688,100,47.7400016784668
212.0,0.0,124.80000305175781,159.0,7.800000190734863,1085.4000244140625,799.5,3,19.520000457763672
212.0,0.0,124.80000305175781,159.0,7.800000190734863,1085.4000244140625,799.5,14,31.350000381469727
212.0,0.0,124.80000305175781,159.0,7.800000190734863,1085.4000244140625,799.5,28,38.5
212.0,0.0,124.80000305175781,159.0,7.800000190734863,1085.4000244140625,799.5,56,45.08000183105469
212.0,0.0,124.80000305175781,159.0,7.800000190734863,1085.4000244140625,799.5,100,47.81999969482422
231.8000030517578,0.0,121.5999984741211,174.0,6.699999809265137,1056.4000244140625,778.5,3,15.4399995803833
231.8000030517578,0.0,121.5999984741211,174.0,6.699999809265137,1056.4000244140625,778.5,14,26.770000457763672
231.8000030517578,0.0,121.5999984741211,174.0,6.699999809265137,1056.4000244140625,778.5,28,33.72999954223633
231.8000030517578,0.0,121.5999984741211,174.0,6.699999809265137,1056.4000244140625,778.5,56,42.70000076293945
231.8000030517578,0.0,121.5999984741211,174.0,6.699999809265137,1056.4000244140625,778.5,100,45.84000015258789
251.39999389648438,0.0,118.30000305175781,188.5,5.800000190734863,1028.4000244140625,757.7000122070312,3,17.219999313354492
251.39999389648438,0.0,118.30000305175781,188.5,5.800000190734863,1028.4000244140625,757.7000122070312,14,29.93000030517578
251.39999389648438,0.0,118.30000305175781,188.5,5.800000190734863,1028.4000244140625,757.7000122070312,28,29.649999618530273
251.39999389648438,0.0,118.30000305175781,188.5,5.800000190734863,1028.4000244140625,757.7000122070312,56,36.970001220703125
251.39999389648438,0.0,118.30000305175781,188.5,5.800000190734863,1028.4000244140625,757.7000122070312,100,43.58000183105469
251.39999389648438,0.0,118.30000305175781,188.5,6.400000095367432,1028.4000244140625,757.7000122070312,3,13.119999885559082
251.39999389648438,0.0,118.30000305175781,188.5,6.400000095367432,1028.4000244140625,757.7000122070312,14,24.43000030517578
251.39999389648438,0.0,118.30000305175781,188.5,6.400000095367432,1028.4000244140625,757.7000122070312,28,32.65999984741211
251.39999389648438,0.0,118.30000305175781,188.5,6.400000095367432,1028.4000244140625,757.7000122070312,56,36.63999938964844
251.39999389648438,0.0,118.30000305175781,188.5,6.400000095367432,1028.4000244140625,757.7000122070312,100,44.209999084472656
181.39999389648438,0.0,167.0,169.60000610351562,7.599999904632568,1055.5999755859375,777.7999877929688,3,13.619999885559082
181.39999389648438,0.0,167.0,169.60000610351562,7.599999904632568,1055.5999755859375,777.7999877929688,14,21.600000381469727
181.39999389648438,0.0,167.0,169.60000610351562,7.599999904632568,1055.5999755859375,777.7999877929688,28,27.770000457763672
181.39999389648438,0.0,167.0,169.60000610351562,7.599999904632568,1055.5999755859375,777.7999877929688,56,35.56999969482422
181.39999389648438,0.0,167.0,169.60000610351562,7.599999904632568,1055.5999755859375,777.7999877929688,100,45.369998931884766
182.0,45.20000076293945,122.0,170.1999969482422,8.199999809265137,1059.4000244140625,780.7000122070312,3,7.320000171661377
182.0,45.20000076293945,122.0,170.1999969482422,8.199999809265137,1059.4000244140625,780.7000122070312,14,21.5
182.0,45.20000076293945,122.0,170.1999969482422,8.199999809265137,1059.4000244140625,780.7000122070312,28,31.270000457763672
182.0,45.20000076293945,122.0,170.1999969482422,8.199999809265137,1059.4000244140625,780.7000122070312,56,43.5
182.0,45.20000076293945,122.0,170.1999969482422,8.199999809265137,1059.4000244140625,780.7000122070312,100,48.66999816894531
168.89999389648438,42.20000076293945,124.30000305175781,158.3000030517578,10.800000190734863,1080.800048828125,796.2000122070312,3,7.400000095367432
168.89999389648438,42.20000076293945,124.30000305175781,158.3000030517578,10.800000190734863,1080.800048828125,796.2000122070312,14,23.510000228881836
168.89999389648438,42.20000076293945,124.30000305175781,158.3000030517578,10.800000190734863,1080.800048828125,796.2000122070312,28,31.1200008392334
168.89999389648438,42.20000076293945,124.30000305175781,158.3000030517578,10.800000190734863,1080.800048828125,796.2000122070312,56,39.150001525878906
168.89999389648438,42.20000076293945,124.30000305175781,158.3000030517578,10.800000190734863,1080.800048828125,796.2000122070312,100,48.150001525878906
290.3999938964844,0.0,96.19999694824219,168.10000610351562,9.399999618530273,961.2000122070312,865.0,3,22.5
290.3999938964844,0.0,96.19999694824219,168.10000610351562,9.399999618530273,961.2000122070312,865.0,14,34.66999816894531
290.3999938964844,0.0,96.19999694824219,168.10000610351562,9.399999618530273,961.2000122070312,865.0,28,34.7400016784668
290.3999938964844,0.0,96.19999694824219,168.10000610351562,9.399999618530273,961.2000122070312,865.0,56,45.08000183105469
290.3999938964844,0.0,96.19999694824219,168.10000610351562,9.399999618530273,961.2000122070312,865.0,100,48.970001220703125
277.1000061035156,0.0,97.4000015258789,160.60000610351562,11.800000190734863,973.9000244140625,875.5999755859375,3,23.139999389648438
277.1000061035156,0.0,97.4000015258789,160.60000610351562,11.800000190734863,973.9000244140625,875.5999755859375,14,41.88999938964844
277.1000061035156,0.0,97.4000015258789,160.60000610351562,11.800000190734863,973.9000244140625,875.5999755859375,28,48.279998779296875
277.1000061035156,0.0,97.4000015258789,160.60000610351562,11.800000190734863,973.9000244140625,875.5999755859375,56,51.040000915527344
277.1000061035156,0.0,97.4000015258789,160.60000610351562,11.800000190734863,973.9000244140625,875.5999755859375,100,55.63999938964844
295.70001220703125,0.0,95.5999984741211,171.5,8.899999618530273,955.0999755859375,859.2000122070312,3,22.950000762939453
295.70001220703125,0.0,95.5999984741211,171.5,8.899999618530273,955.0999755859375,859.2000122070312,14,35.22999954223633
295.70001220703125,0.0,95.5999984741211,171.5,8.899999618530273,955.0999755859375,859.2000122070312,28,39.939998626708984
295.70001220703125,0.0,95.5999984741211,171.5,8.899999618530273,955.0999755859375,859.2000122070312,56,48.720001220703125
295.70001220703125,0.0,95.5999984741211,171.5,8.899999618530273,955.0999755859375,859.2000122070312,100,52.040000915527344
251.8000030517578,0.0,99.9000015258789,146.10000610351562,12.399999618530273,1006.0,899.7999877929688,3,21.020000457763672
251.8000030517578,0.0,99.9000015258789,146.10000610351562,12.399999618530273,1006.0,899.7999877929688,14,33.36000061035156
251.8000030517578,0.0,99.9000015258789,146.10000610351562,12.399999618530273,1006.0,899.7999877929688,28,33.939998626708984
251.8000030517578,0.0,99.9000015258789,146.10000610351562,12.399999618530273,1006.0,899.7999877929688,56,44.13999938964844
251.8000030517578,0.0,99.9000015258789,146.10000610351562,12.399999618530273,1006.0,899.7999877929688,100,45.369998931884766
249.10000610351562,0.0,98.80000305175781,158.10000610351562,12.800000190734863,987.7999877929688,889.0,3,15.359999656677246
249.10000610351562,0.0,98.80000305175781,158.10000610351562,12.800000190734863,987.7999877929688,889.0,14,28.68000030517578
249.10000610351562,0.0,98.80000305175781,158.10000610351562,12.800000190734863,987.7999877929688,889.0,28,30.850000381469727
249.10000610351562,0.0,98.80000305175781,158.10000610351562,12.800000190734863,987.7999877929688,889.0,56,42.029998779296875
249.10000610351562,0.0,98.80000305175781,158.10000610351562,12.800000190734863,987.7999877929688,889.0,100,51.060001373291016
252.3000030517578,0.0,98.80000305175781,146.3000030517578,14.199999809265137,987.7999877929688,889.0,3,21.780000686645508
252.3000030517578,0.0,98.80000305175781,146.3000030517578,14.199999809265137,987.7999877929688,889.0,14,42.290000915527344
252.3000030517578,0.0,98.80000305175781,146.3000030517578,14.199999809265137,987.7999877929688,889.0,28,50.599998474121094
252.3000030517578,0.0,98.80000305175781,146.3000030517578,14.199999809265137,987.7999877929688,889.0,56,55.83000183105469
252.3000030517578,0.0,98.80000305175781,146.3000030517578,14.199999809265137,987.7999877929688,889.0,100,60.95000076293945
246.8000030517578,0.0,125.0999984741211,143.3000030517578,12.0,1086.800048828125,800.9000244140625,3,23.520000457763672
246.8000030517578,0.0,125.0999984741211,143.3000030517578,12.0,1086.800048828125,800.9000244140625,14,42.220001220703125
246.8000030517578,0.0,125.0999984741211,143.3000030517578,12.0,1086.800048828125,800.9000244140625,28,52.5
246.8000030517578,0.0,125.0999984741211,143.3000030517578,12.0,1086.800048828125,800.9000244140625,56,60.31999969482422
246.8000030517578,0.0,125.0999984741211,143.3000030517578,12.0,1086.800048828125,800.9000244140625,100,66.41999816894531
275.1000061035156,0.0,121.4000015258789,159.5,9.899999618530273,1053.5999755859375,777.5,3,23.799999237060547
275.1000061035156,0.0,121.4000015258789,159.5,9.899999618530273,1053.5999755859375,777.5,14,38.77000045776367
275.1000061035156,0.0,121.4000015258789,159.5,9.899999618530273,1053.5999755859375,777.5,28,51.33000183105469
275.1000061035156,0.0,121.4000015258789,159.5,9.899999618530273,1053.5999755859375,777.5,56,56.849998474121094
275.1000061035156,0.0,121.4000015258789,159.5,9.899999618530273,1053.5999755859375,777.5,100,58.61000061035156
297.20001220703125,0.0,117.5,174.8000030517578,9.5,1022.7999877929688,753.5,3,21.90999984741211
297.20001220703125,0.0,117.5,174.8000030517578,9.5,1022.7999877929688,753.5,14,36.9900016784668
297.20001220703125,0.0,117.5,174.8000030517578,9.5,1022.7999877929688,753.5,28,47.400001525878906
297.20001220703125,0.0,117.5,174.8000030517578,9.5,1022.7999877929688,753.5,56,51.959999084472656
297.20001220703125,0.0,117.5,174.8000030517578,9.5,1022.7999877929688,753.5,100,56.7400016784668
213.6999969482422,0.0,174.6999969482422,154.8000030517578,10.199999809265137,1053.5,776.4000244140625,3,17.56999969482422
213.6999969482422,0.0,174.6999969482422,154.8000030517578,10.199999809265137,1053.5,776.4000244140625,14,33.72999954223633
213.6999969482422,0.0,174.6999969482422,154.8000030517578,10.199999809265137,1053.5,776.4000244140625,28,40.150001525878906
213.6999969482422,0.0,174.6999969482422,154.8000030517578,10.199999809265137,1053.5,776.4000244140625,56,46.63999938964844
213.6999969482422,0.0,174.6999969482422,154.8000030517578,10.199999809265137,1053.5,776.4000244140625,100,50.08000183105469
213.5,0.0,174.1999969482422,154.60000610351562,11.699999809265137,1052.300048828125,775.5,3,17.3700008392334
213.5,0.0,174.1999969482422,154.60000610351562,11.699999809265137,1052.300048828125,775.5,14,33.70000076293945
213.5,0.0,174.1999969482422,154.60000610351562,11.699999809265137,1052.300048828125,775.5,28,45.939998626708984
213.5,0.0,174.1999969482422,154.60000610351562,11.699999809265137,1052.300048828125,775.5,56,51.43000030517578
213.5,0.0,174.1999969482422,154.60000610351562,11.699999809265137,1052.300048828125,775.5,100,59.29999923706055
277.20001220703125,97.80000305175781,24.5,160.6999969482422,11.199999809265137,1061.699951171875,782.5,3,30.450000762939453
277.20001220703125,97.80000305175781,24.5,160.6999969482422,11.199999809265137,1061.699951171875,782.5,14,47.709999084472656
277.20001220703125,97.80000305175781,24.5,160.6999969482422,11.199999809265137,1061.699951171875,782.5,28,63.13999938964844
277.20001220703125,97.80000305175781,24.5,160.6999969482422,11.199999809265137,1061.699951171875,782.5,56,66.81999969482422
277.20001220703125,97.80000305175781,24.5,160.6999969482422,11.199999809265137,1061.699951171875,782.5,100,66.94999694824219
218.1999969482422,54.599998474121094,123.80000305175781,140.8000030517578,11.899999618530273,1075.699951171875,792.7000122070312,3,27.420000076293945
218.1999969482422,54.599998474121094,123.80000305175781,140.8000030517578,11.899999618530273,1075.699951171875,792.7000122070312,14,35.959999084472656
218.1999969482422,54.599998474121094,123.80000305175781,140.8000030517578,11.899999618530273,1075.699951171875,792.7000122070312,28,55.5099983215332
218.1999969482422,54.599998474121094,123.80000305175781,140.8000030517578,11.899999618530273,1075.699951171875,792.7000122070312,56,61.9900016784668
218.1999969482422,54.599998474121094,123.80000305175781,140.8000030517578,11.899999618530273,1075.699951171875,792.7000122070312,100,63.529998779296875
214.89999389648438,53.79999923706055,121.9000015258789,155.60000610351562,9.600000381469727,1014.2999877929688,780.5999755859375,3,18.020000457763672
214.89999389648438,53.79999923706055,121.9000015258789,155.60000610351562,9.600000381469727,1014.2999877929688,780.5999755859375,14,38.599998474121094
214.89999389648438,53.79999923706055,121.9000015258789,155.60000610351562,9.600000381469727,1014.2999877929688,780.5999755859375,28,52.20000076293945
214.89999389648438,53.79999923706055,121.9000015258789,155.60000610351562,9.600000381469727,1014.2999877929688,780.5999755859375,56,53.959999084472656
214.89999389648438,53.79999923706055,121.9000015258789,155.60000610351562,9.600000381469727,1014.2999877929688,780.5999755859375,100,56.630001068115234
218.89999389648438,0.0,124.0999984741211,158.5,11.300000190734863,1078.699951171875,794.9000244140625,3,15.34000015258789
218.89999389648438,0.0,124.0999984741211,158.5,11.300000190734863,1078.699951171875,794.9000244140625,14,26.049999237060547
218.89999389648438,0.0,124.0999984741211,158.5,11.300000190734863,1078.699951171875,794.9000244140625,28,30.219999313354492
218.89999389648438,0.0,124.0999984741211,158.5,11.300000190734863,1078.699951171875,794.9000244140625,56,37.27000045776367
218.89999389648438,0.0,124.0999984741211,158.5,11.300000190734863,1078.699951171875,794.9000244140625,100,46.22999954223633
376.0,0.0,0.0,214.60000610351562,0.0,1003.5,762.4000244140625,3,16.280000686645508
376.0,0.0,0.0,214.60000610351562,0.0,1003.5,762.4000244140625,14,25.6200008392334
376.0,0.0,0.0,214.60000610351562,0.0,1003.5,762.4000244140625,28,31.969999313354492
376.0,0.0,0.0,214.60000610351562,0.0,1003.5,762.4000244140625,56,36.29999923706055
376.0,0.0,0.0,214.60000610351562,0.0,1003.5,762.4000244140625,100,43.060001373291016
500.0,0.0,0.0,140.0,4.0,966.0,853.0,28,67.56999969482422
475.0,0.0,59.0,142.0,1.899999976158142,1098.0,641.0,28,57.22999954223633
315.0,137.0,0.0,145.0,5.900000095367432,1130.0,745.0,28,81.75
505.0,0.0,60.0,195.0,0.0,1030.0,630.0,28,64.0199966430664
451.0,0.0,0.0,165.0,11.300000190734863,1030.0,745.0,28,78.80000305175781
516.0,0.0,0.0,162.0,8.199999809265137,801.0,802.0,28,41.369998931884766
520.0,0.0,0.0,170.0,5.199999809265137,855.0,855.0,28,60.279998779296875
528.0,0.0,0.0,185.0,6.900000095367432,920.0,720.0,28,56.83000183105469
520.0,0.0,0.0,175.0,5.199999809265137,870.0,805.0,28,51.02000045776367
385.0,0.0,136.0,158.0,20.0,903.0,768.0,28,55.54999923706055
500.1000061035156,0.0,0.0,200.0,3.0,1124.4000244140625,613.2000122070312,28,44.130001068115234
450.1000061035156,50.0,0.0,200.0,3.0,1124.4000244140625,613.2000122070312,28,39.380001068115234
397.0,17.200000762939453,158.0,167.0,20.799999237060547,967.0,633.0,28,55.650001525878906
333.0,17.5,163.0,167.0,17.899999618530273,996.0,652.0,28,47.279998779296875
334.0,17.600000381469727,158.0,189.0,15.300000190734863,967.0,633.0,28,44.33000183105469
405.0,0.0,0.0,175.0,0.0,1120.0,695.0,28,52.29999923706055
200.0,200.0,0.0,190.0,0.0,1145.0,660.0,28,49.25
516.0,0.0,0.0,162.0,8.300000190734863,801.0,802.0,28,41.369998931884766
145.0,116.0,119.0,184.0,5.699999809265137,833.0,880.0,28,29.15999984741211
160.0,128.0,122.0,182.0,6.400000095367432,824.0,879.0,28,39.400001525878906
234.0,156.0,0.0,189.0,5.900000095367432,981.0,760.0,28,39.29999923706055
250.0,180.0,95.0,159.0,9.5,860.0,800.0,28,67.87000274658203
475.0,0.0,0.0,162.0,9.5,1044.0,662.0,28,58.52000045776367
285.0,190.0,0.0,163.0,7.599999904632568,1031.0,685.0,28,53.58000183105469
356.0,119.0,0.0,160.0,9.0,1061.0,657.0,28,59.0
275.0,180.0,120.0,162.0,10.399999618530273,830.0,765.0,28,76.23999786376953
500.0,0.0,0.0,151.0,9.0,1033.0,655.0,28,69.83999633789062
165.0,0.0,143.60000610351562,163.8000030517578,0.0,1005.5999755859375,900.9000244140625,3,14.399999618530273
165.0,128.5,132.10000610351562,175.10000610351562,8.100000381469727,1005.7999877929688,746.5999755859375,3,19.420000076293945
178.0,129.8000030517578,118.5999984741211,179.89999389648438,3.5999999046325684,1007.2999877929688,746.7999877929688,3,20.729999542236328
167.39999389648438,129.89999389648438,128.60000610351562,175.5,7.800000190734863,1006.2999877929688,746.5999755859375,3,14.9399995803833
172.39999389648438,13.600000381469727,172.39999389648438,156.8000030517578,4.099999904632568,1006.2999877929688,856.4000244140625,3,21.290000915527344
173.5,50.099998474121094,173.5,164.8000030517578,6.5,1006.2000122070312,793.5,3,23.079999923706055
167.0,75.4000015258789,167.0,164.0,7.900000095367432,1007.2999877929688,770.0999755859375,3,15.520000457763672
173.8000030517578,93.4000015258789,159.89999389648438,172.3000030517578,9.699999809265137,1007.2000122070312,746.5999755859375,3,15.819999694824219
190.3000030517578,0.0,125.19999694824219,166.60000610351562,9.899999618530273,1079.0,798.9000244140625,3,12.550000190734863
250.0,0.0,95.69999694824219,191.8000030517578,5.300000190734863,948.9000244140625,857.2000122070312,3,8.489999771118164
213.5,0.0,174.1999969482422,159.1999969482422,11.699999809265137,1043.5999755859375,771.9000244140625,3,15.609999656677246
194.6999969482422,0.0,100.5,170.1999969482422,7.5,998.0,901.7999877929688,3,12.180000305175781
251.39999389648438,0.0,118.30000305175781,192.89999389648438,5.800000190734863,1043.5999755859375,754.2999877929688,3,11.979999542236328
165.0,0.0,143.60000610351562,163.8000030517578,0.0,1005.5999755859375,900.9000244140625,14,16.8799991607666
165.0,128.5,132.10000610351562,175.10000610351562,8.100000381469727,1005.7999877929688,746.5999755859375,14,33.09000015258789
178.0,129.8000030517578,118.5999984741211,179.89999389648438,3.5999999046325684,1007.2999877929688,746.7999877929688,14,34.2400016784668
167.39999389648438,129.89999389648438,128.60000610351562,175.5,7.800000190734863,1006.2999877929688,746.5999755859375,14,31.809999465942383
172.39999389648438,13.600000381469727,172.39999389648438,156.8000030517578,4.099999904632568,1006.2999877929688,856.4000244140625,14,29.75
173.5,50.099998474121094,173.5,164.8000030517578,6.5,1006.2000122070312,793.5,14,33.0099983215332
167.0,75.4000015258789,167.0,164.0,7.900000095367432,1007.2999877929688,770.0999755859375,14,32.900001525878906
173.8000030517578,93.4000015258789,159.89999389648438,172.3000030517578,9.699999809265137,1007.2000122070312,746.5999755859375,14,29.549999237060547
190.3000030517578,0.0,125.19999694824219,166.60000610351562,9.899999618530273,1079.0,798.9000244140625,14,19.420000076293945
250.0,0.0,95.69999694824219,191.8000030517578,5.300000190734863,948.9000244140625,857.2000122070312,14,24.65999984741211
213.5,0.0,174.1999969482422,159.1999969482422,11.699999809265137,1043.5999755859375,771.9000244140625,14,29.59000015258789
194.6999969482422,0.0,100.5,170.1999969482422,7.5,998.0,901.7999877929688,14,24.280000686645508
251.39999389648438,0.0,118.30000305175781,192.89999389648438,5.800000190734863,1043.5999755859375,754.2999877929688,14,20.729999542236328
165.0,0.0,143.60000610351562,163.8000030517578,0.0,1005.5999755859375,900.9000244140625,28,26.200000762939453
165.0,128.5,132.10000610351562,175.10000610351562,8.100000381469727,1005.7999877929688,746.5999755859375,28,46.38999938964844
178.0,129.8000030517578,118.5999984741211,179.89999389648438,3.5999999046325684,1007.2999877929688,746.7999877929688,28,39.15999984741211
167.39999389648438,129.89999389648438,128.60000610351562,175.5,7.800000190734863,1006.2999877929688,746.5999755859375,28,41.20000076293945
172.39999389648438,13.600000381469727,172.39999389648438,156.8000030517578,4.099999904632568,1006.2999877929688,856.4000244140625,28,33.689998626708984
173.5,50.099998474121094,173.5,164.8000030517578,6.5,1006.2000122070312,793.5,28,38.20000076293945
167.0,75.4000015258789,167.0,164.0,7.900000095367432,1007.2999877929688,770.0999755859375,28,41.40999984741211
173.8000030517578,93.4000015258789,159.89999389648438,172.3000030517578,9.699999809265137,1007.2000122070312,746.5999755859375,28,37.810001373291016
190.3000030517578,0.0,125.19999694824219,166.60000610351562,9.899999618530273,1079.0,798.9000244140625,28,24.850000381469727
250.0,0.0,95.69999694824219,191.8000030517578,5.300000190734863,948.9000244140625,857.2000122070312,28,27.219999313354492
213.5,0.0,174.1999969482422,159.1999969482422,11.699999809265137,1043.5999755859375,771.9000244140625,28,44.63999938964844
194.6999969482422,0.0,100.5,170.1999969482422,7.5,998.0,901.7999877929688,28,37.27000045776367
251.39999389648438,0.0,118.30000305175781,192.89999389648438,5.800000190734863,1043.5999755859375,754.2999877929688,28,33.27000045776367
165.0,0.0,143.60000610351562,163.8000030517578,0.0,1005.5999755859375,900.9000244140625,56,36.560001373291016
165.0,128.5,132.10000610351562,175.10000610351562,8.100000381469727,1005.7999877929688,746.5999755859375,56,53.720001220703125
178.0,129.8000030517578,118.5999984741211,179.89999389648438,3.5999999046325684,1007.2999877929688,746.7999877929688,56,48.59000015258789
167.39999389648438,129.89999389648438,128.60000610351562,175.5,7.800000190734863,1006.2999877929688,746.5999755859375,56,51.720001220703125
172.39999389648438,13.600000381469727,172.39999389648438,156.8000030517578,4.099999904632568,1006.2999877929688,856.4000244140625,56,35.849998474121094
173.5,50.099998474121094,173.5,164.8000030517578,6.5,1006.2000122070312,793.5,56,53.77000045776367
167.0,75.4000015258789,167.0,164.0,7.900000095367432,1007.2999877929688,770.0999755859375,56,53.459999084472656
173.8000030517578,93.4000015258789,159.89999389648438,172.3000030517578,9.699999809265137,1007.2000122070312,746.5999755859375,56,48.9900016784668
190.3000030517578,0.0,125.19999694824219,166.60000610351562,9.899999618530273,1079.0,798.9000244140625,56,31.719999313354492
250.0,0.0,95.69999694824219,191.8000030517578,5.300000190734863,948.9000244140625,857.2000122070312,56,39.63999938964844
213.5,0.0,174.1999969482422,159.1999969482422,11.699999809265137,1043.5999755859375,771.9000244140625,56,51.2599983215332
194.6999969482422,0.0,100.5,170.1999969482422,7.5,998.0,901.7999877929688,56,43.38999938964844
251.39999389648438,0.0,118.30000305175781,192.89999389648438,5.800000190734863,1043.5999755859375,754.2999877929688,56,39.27000045776367
165.0,0.0,143.60000610351562,163.8000030517578,0.0,1005.5999755859375,900.9000244140625,100,37.959999084472656
165.0,128.5,132.10000610351562,175.10000610351562,8.100000381469727,1005.7999877929688,746.5999755859375,100,55.02000045776367
178.0,129.8000030517578,118.5999984741211,179.89999389648438,3.5999999046325684,1007.2999877929688,746.7999877929688,100,49.9900016784668
167.39999389648438,129.89999389648438,128.60000610351562,175.5,7.800000190734863,1006.2999877929688,746.5999755859375,100,53.65999984741211
172.39999389648438,13.600000381469727,172.39999389648438,156.8000030517578,4.099999904632568,1006.2999877929688,856.4000244140625,100,37.68000030517578
173.5,50.099998474121094,173.5,164.8000030517578,6.5,1006.2000122070312,793.5,100,56.060001373291016
167.0,75.4000015258789,167.0,164.0,7.900000095367432,1007.2999877929688,770.0999755859375,100,56.810001373291016
173.8000030517578,93.4000015258789,159.89999389648438,172.3000030517578,9.699999809265137,1007.2000122070312,746.5999755859375,100,50.939998626708984
190.3000030517578,0.0,125.19999694824219,166.60000610351562,9.899999618530273,1079.0,798.9000244140625,100,33.560001373291016
250.0,0.0,95.69999694824219,191.8000030517578,5.300000190734863,948.9000244140625,857.2000122070312,100,41.15999984741211
213.5,0.0,174.1999969482422,159.1999969482422,11.699999809265137,1043.5999755859375,771.9000244140625,100,52.959999084472656
194.6999969482422,0.0,100.5,170.1999969482422,7.5,998.0,901.7999877929688,100,44.279998779296875
251.39999389648438,0.0,118.30000305175781,192.89999389648438,5.800000190734863,1043.5999755859375,754.2999877929688,100,40.150001525878906
446.0,24.0,79.0,162.0,11.600000381469727,967.0,712.0,28,57.029998779296875
446.0,24.0,79.0,162.0,11.600000381469727,967.0,712.0,28,44.41999816894531
446.0,24.0,79.0,162.0,11.600000381469727,967.0,712.0,28,51.02000045776367
446.0,24.0,79.0,162.0,10.300000190734863,967.0,712.0,28,53.38999938964844
446.0,24.0,79.0,162.0,11.600000381469727,967.0,712.0,3,35.36000061035156
446.0,24.0,79.0,162.0,11.600000381469727,967.0,712.0,3,25.020000457763672
446.0,24.0,79.0,162.0,11.600000381469727,967.0,712.0,3,23.350000381469727
446.0,24.0,79.0,162.0,11.600000381469727,967.0,712.0,7,52.0099983215332
446.0,24.0,79.0,162.0,11.600000381469727,967.0,712.0,7,38.02000045776367
446.0,24.0,79.0,162.0,11.600000381469727,967.0,712.0,7,39.29999923706055
446.0,24.0,79.0,162.0,11.600000381469727,967.0,712.0,56,61.06999969482422
446.0,24.0,79.0,162.0,11.600000381469727,967.0,712.0,56,56.13999938964844
446.0,24.0,79.0,162.0,11.600000381469727,967.0,712.0,56,55.25
446.0,24.0,79.0,162.0,10.300000190734863,967.0,712.0,56,54.77000045776367
387.0,20.0,94.0,157.0,14.300000190734863,938.0,845.0,28,50.2400016784668
387.0,20.0,94.0,157.0,13.899999618530273,938.0,845.0,28,46.68000030517578
387.0,20.0,94.0,157.0,11.600000381469727,938.0,845.0,28,46.68000030517578
387.0,20.0,94.0,157.0,14.300000190734863,938.0,845.0,3,22.75
387.0,20.0,94.0,157.0,13.899999618530273,938.0,845.0,3,25.510000228881836
387.0,20.0,94.0,157.0,11.600000381469727,938.0,845.0,3,34.77000045776367
387.0,20.0,94.0,157.0,14.300000190734863,938.0,845.0,7,36.84000015258789
387.0,20.0,94.0,157.0,13.899999618530273,938.0,845.0,7,45.900001525878906
387.0,20.0,94.0,157.0,11.600000381469727,938.0,845.0,7,41.66999816894531
387.0,20.0,94.0,157.0,14.300000190734863,938.0,845.0,56,56.34000015258789
387.0,20.0,94.0,157.0,13.899999618530273,938.0,845.0,56,47.970001220703125
387.0,20.0,94.0,157.0,11.600000381469727,938.0,845.0,56,61.459999084472656
355.0,19.0,97.0,145.0,13.100000381469727,967.0,871.0,28,44.029998779296875
355.0,19.0,97.0,145.0,12.300000190734863,967.0,871.0,28,55.45000076293945
491.0,26.0,123.0,210.0,3.9000000953674316,882.0,699.0,28,55.54999923706055
491.0,26.0,123.0,201.0,3.9000000953674316,822.0,699.0,28,57.91999816894531
491.0,26.0,123.0,210.0,3.9000000953674316,882.0,699.0,3,25.610000610351562
491.0,26.0,123.0,210.0,3.9000000953674316,882.0,699.0,7,33.4900016784668
491.0,26.0,123.0,210.0,3.9000000953674316,882.0,699.0,56,59.59000015258789
491.0,26.0,123.0,201.0,3.9000000953674316,822.0,699.0,3,29.549999237060547
491.0,26.0,123.0,201.0,3.9000000953674316,822.0,699.0,7,37.91999816894531
491.0,26.0,123.0,201.0,3.9000000953674316,822.0,699.0,56,61.86000061035156
424.0,22.0,132.0,178.0,8.5,822.0,750.0,28,62.04999923706055
424.0,22.0,132.0,178.0,8.5,882.0,750.0,3,32.0099983215332
424.0,22.0,132.0,168.0,8.899999618530273,822.0,750.0,28,72.0999984741211
424.0,22.0,132.0,178.0,8.5,822.0,750.0,7,39.0
424.0,22.0,132.0,178.0,8.5,822.0,750.0,56,65.69999694824219
424.0,22.0,132.0,168.0,8.899999618530273,822.0,750.0,3,32.11000061035156
424.0,22.0,132.0,168.0,8.899999618530273,822.0,750.0,7,40.290000915527344
424.0,22.0,132.0,168.0,8.899999618530273,822.0,750.0,56,74.36000061035156
202.0,11.0,141.0,206.0,1.7000000476837158,942.0,801.0,28,21.969999313354492
202.0,11.0,141.0,206.0,1.7000000476837158,942.0,801.0,3,9.850000381469727
202.0,11.0,141.0,206.0,1.7000000476837158,942.0,801.0,7,15.069999694824219
202.0,11.0,141.0,206.0,1.7000000476837158,942.0,801.0,56,23.25
284.0,15.0,141.0,179.0,5.5,842.0,801.0,28,43.72999954223633
284.0,15.0,141.0,179.0,5.5,842.0,801.0,3,13.399999618530273
284.0,15.0,141.0,179.0,5.5,842.0,801.0,7,24.1299991607666
284.0,15.0,141.0,179.0,5.5,842.0,801.0,56,44.52000045776367
359.0,19.0,141.0,154.0,10.899999618530273,942.0,801.0,28,62.939998626708984
359.0,19.0,141.0,154.0,10.899999618530273,942.0,801.0,28,59.4900016784668
359.0,19.0,141.0,154.0,10.899999618530273,942.0,801.0,3,25.1200008392334
359.0,19.0,141.0,154.0,10.899999618530273,942.0,801.0,3,23.639999389648438
359.0,19.0,141.0,154.0,10.899999618530273,942.0,801.0,7,35.75
359.0,19.0,141.0,154.0,10.899999618530273,942.0,801.0,7,38.61000061035156
359.0,19.0,141.0,154.0,10.899999618530273,942.0,801.0,56,68.75
359.0,19.0,141.0,154.0,10.899999618530273,942.0,801.0,56,66.77999877929688
436.0,0.0,0.0,218.0,0.0,838.4000244140625,719.7000122070312,28,23.850000381469727
289.0,0.0,0.0,192.0,0.0,913.2000122070312,895.2999877929688,90,32.06999969482422
289.0,0.0,0.0,192.0,0.0,913.2000122070312,895.2999877929688,3,11.649999618530273
393.0,0.0,0.0,192.0,0.0,940.5999755859375,785.5999755859375,3,19.200000762939453
393.0,0.0,0.0,192.0,0.0,940.5999755859375,785.5999755859375,90,48.849998474121094
393.0,0.0,0.0,192.0,0.0,940.5999755859375,785.5999755859375,28,39.599998474121094
480.0,0.0,0.0,192.0,0.0,936.2000122070312,712.2000122070312,28,43.939998626708984
480.0,0.0,0.0,192.0,0.0,936.2000122070312,712.2000122070312,7,34.56999969482422
480.0,0.0,0.0,192.0,0.0,936.2000122070312,712.2000122070312,90,54.31999969482422
480.0,0.0,0.0,192.0,0.0,936.2000122070312,712.2000122070312,3,24.399999618530273
333.0,0.0,0.0,192.0,0.0,931.2000122070312,842.5999755859375,3,15.619999885559082
255.0,0.0,0.0,192.0,0.0,889.7999877929688,945.0,90,21.860000610351562
255.0,0.0,0.0,192.0,0.0,889.7999877929688,945.0,7,10.220000267028809
289.0,0.0,0.0,192.0,0.0,913.2000122070312,895.2999877929688,7,14.600000381469727
255.0,0.0,0.0,192.0,0.0,889.7999877929688,945.0,28,18.75
333.0,0.0,0.0,192.0,0.0,931.2000122070312,842.5999755859375,28,31.969999313354492
333.0,0.0,0.0,192.0,0.0,931.2000122070312,842.5999755859375,7,23.399999618530273
289.0,0.0,0.0,192.0,0.0,913.2000122070312,895.2999877929688,28,25.56999969482422
333.0,0.0,0.0,192.0,0.0,931.2000122070312,842.5999755859375,90,41.68000030517578
393.0,0.0,0.0,192.0,0.0,940.5999755859375,785.5999755859375,7,27.739999771118164
255.0,0.0,0.0,192.0,0.0,889.7999877929688,945.0,3,8.199999809265137
158.8000030517578,238.1999969482422,0.0,185.6999969482422,0.0,1040.5999755859375,734.2999877929688,7,9.619999885559082
239.60000610351562,359.3999938964844,0.0,185.6999969482422,0.0,941.5999755859375,664.2999877929688,7,25.420000076293945
238.1999969482422,158.8000030517578,0.0,185.6999969482422,0.0,1040.5999755859375,734.2999877929688,7,15.6899995803833
181.89999389648438,272.79998779296875,0.0,185.6999969482422,0.0,1012.4000244140625,714.2999877929688,28,27.940000534057617
193.5,290.20001220703125,0.0,185.6999969482422,0.0,998.2000122070312,704.2999877929688,28,32.630001068115234
255.5,170.3000030517578,0.0,185.6999969482422,0.0,1026.5999755859375,724.2999877929688,7,17.239999771118164
272.79998779296875,181.89999389648438,0.0,185.6999969482422,0.0,1012.4000244140625,714.2999877929688,7,19.770000457763672
239.60000610351562,359.3999938964844,0.0,185.6999969482422,0.0,941.5999755859375,664.2999877929688,28,39.439998626708984
220.8000030517578,147.1999969482422,0.0,185.6999969482422,0.0,1055.0,744.2999877929688,28,25.75
397.0,0.0,0.0,185.6999969482422,0.0,1040.5999755859375,734.2999877929688,28,33.08000183105469
382.5,0.0,0.0,185.6999969482422,0.0,1047.800048828125,739.2999877929688,7,24.06999969482422
210.6999969482422,316.1000061035156,0.0,185.6999969482422,0.0,977.0,689.2999877929688,7,21.81999969482422
158.8000030517578,238.1999969482422,0.0,185.6999969482422,0.0,1040.5999755859375,734.2999877929688,28,21.06999969482422
295.79998779296875,0.0,0.0,185.6999969482422,0.0,1091.4000244140625,769.2999877929688,7,14.84000015258789
255.5,170.3000030517578,0.0,185.6999969482422,0.0,1026.5999755859375,724.2999877929688,28,32.04999923706055
203.5,135.6999969482422,0.0,185.6999969482422,0.0,1076.199951171875,759.2999877929688,7,11.960000038146973
397.0,0.0,0.0,185.6999969482422,0.0,1040.5999755859375,734.2999877929688,7,25.450000762939453
381.3999938964844,0.0,0.0,185.6999969482422,0.0,1104.5999755859375,784.2999877929688,28,22.489999771118164
295.79998779296875,0.0,0.0,185.6999969482422,0.0,1091.4000244140625,769.2999877929688,28,25.219999313354492
228.0,342.1000061035156,0.0,185.6999969482422,0.0,955.7999877929688,674.2999877929688,28,39.70000076293945
220.8000030517578,147.1999969482422,0.0,185.6999969482422,0.0,1055.0,744.2999877929688,7,13.09000015258789
316.1000061035156,210.6999969482422,0.0,185.6999969482422,0.0,977.0,689.2999877929688,28,38.70000076293945
135.6999969482422,203.5,0.0,185.6999969482422,0.0,1076.199951171875,759.2999877929688,7,7.510000228881836
238.10000610351562,0.0,0.0,185.6999969482422,0.0,1118.800048828125,789.2999877929688,28,17.579999923706055
339.20001220703125,0.0,0.0,185.6999969482422,0.0,1069.199951171875,754.2999877929688,7,21.18000030517578
135.6999969482422,203.5,0.0,185.6999969482422,0.0,1076.199951171875,759.2999877929688,28,18.200000762939453
193.5,290.20001220703125,0.0,185.6999969482422,0.0,998.2000122070312,704.2999877929688,7,17.200000762939453
203.5,135.6999969482422,0.0,185.6999969482422,0.0,1076.199951171875,759.2999877929688,28,22.6299991607666
290.20001220703125,193.5,0.0,185.6999969482422,0.0,998.2000122070312,704.2999877929688,7,21.860000610351562
181.89999389648438,272.79998779296875,0.0,185.6999969482422,0.0,1012.4000244140625,714.2999877929688,7,12.369999885559082
170.3000030517578,155.5,0.0,185.6999969482422,0.0,1026.5999755859375,724.2999877929688,28,25.729999542236328
210.6999969482422,316.1000061035156,0.0,185.6999969482422,0.0,977.0,689.2999877929688,28,37.810001373291016
228.0,342.1000061035156,0.0,185.6999969482422,0.0,955.7999877929688,674.2999877929688,7,21.920000076293945
290.20001220703125,193.5,0.0,185.6999969482422,0.0,998.2000122070312,704.2999877929688,28,33.040000915527344
381.3999938964844,0.0,0.0,185.6999969482422,0.0,1104.5999755859375,784.2999877929688,7,14.539999961853027
238.1999969482422,158.8000030517578,0.0,185.6999969482422,0.0,1040.5999755859375,734.2999877929688,28,26.90999984741211
186.1999969482422,124.0999984741211,0.0,185.6999969482422,0.0,1083.4000244140625,764.2999877929688,7,8.0
339.20001220703125,0.0,0.0,185.6999969482422,0.0,1069.199951171875,754.2999877929688,28,31.899999618530273
238.10000610351562,0.0,0.0,185.6999969482422,0.0,1118.800048828125,789.2999877929688,7,10.34000015258789
252.5,0.0,0.0,185.6999969482422,0.0,1111.5999755859375,784.2999877929688,28,19.770000457763672
382.5,0.0,0.0,185.6999969482422,0.0,1047.800048828125,739.2999877929688,28,37.439998626708984
252.5,0.0,0.0,185.6999969482422,0.0,1111.5999755859375,784.2999877929688,7,11.479999542236328
316.1000061035156,210.6999969482422,0.0,185.6999969482422,0.0,977.0,689.2999877929688,7,24.440000534057617
186.1999969482422,124.0999984741211,0.0,185.6999969482422,0.0,1083.4000244140625,764.2999877929688,28,17.600000381469727
170.3000030517578,155.5,0.0,185.6999969482422,0.0,1026.5999755859375,724.2999877929688,7,10.729999542236328
272.79998779296875,181.89999389648438,0.0,185.6999969482422,0.0,1012.4000244140625,714.2999877929688,28,31.3799991607666
339.0,0.0,0.0,197.0,0.0,968.0,781.0,3,13.220000267028809
339.0,0.0,0.0,197.0,0.0,968.0,781.0,7,20.969999313354492
339.0,0.0,0.0,197.0,0.0,968.0,781.0,14,27.040000915527344
339.0,0.0,0.0,197.0,0.0,968.0,781.0,28,32.040000915527344
339.0,0.0,0.0,197.0,0.0,968.0,781.0,90,35.16999816894531
339.0,0.0,0.0,197.0,0.0,968.0,781.0,180,36.45000076293945
339.0,0.0,0.0,197.0,0.0,968.0,781.0,365,38.88999938964844
236.0,0.0,0.0,194.0,0.0,968.0,885.0,3,6.46999979019165
236.0,0.0,0.0,194.0,0.0,968.0,885.0,14,12.84000015258789
236.0,0.0,0.0,194.0,0.0,968.0,885.0,28,18.420000076293945
236.0,0.0,0.0,194.0,0.0,968.0,885.0,90,21.950000762939453
236.0,0.0,0.0,193.0,0.0,968.0,885.0,180,24.100000381469727
236.0,0.0,0.0,193.0,0.0,968.0,885.0,365,25.079999923706055
277.0,0.0,0.0,191.0,0.0,968.0,856.0,14,21.260000228881836
277.0,0.0,0.0,191.0,0.0,968.0,856.0,28,25.969999313354492
277.0,0.0,0.0,191.0,0.0,968.0,856.0,3,11.359999656677246
277.0,0.0,0.0,191.0,0.0,968.0,856.0,90,31.25
277.0,0.0,0.0,191.0,0.0,968.0,856.0,180,32.33000183105469
277.0,0.0,0.0,191.0,0.0,968.0,856.0,360,33.70000076293945
254.0,0.0,0.0,198.0,0.0,968.0,863.0,3,9.3100004196167
254.0,0.0,0.0,198.0,0.0,968.0,863.0,90,26.940000534057617
254.0,0.0,0.0,198.0,0.0,968.0,863.0,180,27.6299991607666
254.0,0.0,0.0,198.0,0.0,968.0,863.0,365,29.790000915527344
307.0,0.0,0.0,193.0,0.0,968.0,812.0,180,34.4900016784668
307.0,0.0,0.0,193.0,0.0,968.0,812.0,365,36.150001525878906
307.0,0.0,0.0,193.0,0.0,968.0,812.0,3,12.539999961853027
307.0,0.0,0.0,193.0,0.0,968.0,812.0,28,27.530000686645508
307.0,0.0,0.0,193.0,0.0,968.0,812.0,90,32.91999816894531
236.0,0.0,0.0,193.0,0.0,968.0,885.0,7,9.989999771118164
200.0,0.0,0.0,180.0,0.0,1125.0,845.0,7,7.840000152587891
200.0,0.0,0.0,180.0,0.0,1125.0,845.0,28,12.25
225.0,0.0,0.0,181.0,0.0,1113.0,833.0,7,11.170000076293945
225.0,0.0,0.0,181.0,0.0,1113.0,833.0,28,17.34000015258789
325.0,0.0,0.0,184.0,0.0,1063.0,783.0,7,17.540000915527344
325.0,0.0,0.0,184.0,0.0,1063.0,783.0,28,30.56999969482422
275.0,0.0,0.0,183.0,0.0,1088.0,808.0,7,14.199999809265137
275.0,0.0,0.0,183.0,0.0,1088.0,808.0,28,24.5
300.0,0.0,0.0,184.0,0.0,1075.0,795.0,7,15.579999923706055
300.0,0.0,0.0,184.0,0.0,1075.0,795.0,28,26.850000381469727
375.0,0.0,0.0,186.0,0.0,1038.0,758.0,7,26.059999465942383
375.0,0.0,0.0,186.0,0.0,1038.0,758.0,28,38.209999084472656
400.0,0.0,0.0,187.0,0.0,1025.0,745.0,28,43.70000076293945
400.0,0.0,0.0,187.0,0.0,1025.0,745.0,7,30.139999389648438
250.0,0.0,0.0,182.0,0.0,1100.0,820.0,7,12.729999542236328
250.0,0.0,0.0,182.0,0.0,1100.0,820.0,28,20.8700008392334
350.0,0.0,0.0,186.0,0.0,1050.0,770.0,7,20.280000686645508
350.0,0.0,0.0,186.0,0.0,1050.0,770.0,28,34.290000915527344
203.5,305.29998779296875,0.0,203.5,0.0,963.4000244140625,630.0,7,19.540000915527344
250.1999969482422,166.8000030517578,0.0,203.5,0.0,977.5999755859375,694.0999755859375,90,47.709999084472656
157.0,236.0,0.0,192.0,0.0,935.4000244140625,781.2000122070312,90,43.380001068115234
141.3000030517578,212.0,0.0,203.5,0.0,971.7999877929688,748.5,28,29.889999389648438
166.8000030517578,250.1999969482422,0.0,203.5,0.0,975.5999755859375,692.5999755859375,3,6.900000095367432
122.5999984741211,183.89999389648438,0.0,203.5,0.0,958.2000122070312,800.0999755859375,90,33.189998626708984
183.89999389648438,122.5999984741211,0.0,203.5,0.0,959.2000122070312,800.0,3,4.900000095367432
102.0,153.0,0.0,192.0,0.0,887.0,942.0,3,4.570000171661377
102.0,153.0,0.0,192.0,0.0,887.0,942.0,90,25.459999084472656
122.5999984741211,183.89999389648438,0.0,203.5,0.0,958.2000122070312,800.0999755859375,28,24.290000915527344
166.8000030517578,250.1999969482422,0.0,203.5,0.0,975.5999755859375,692.5999755859375,28,33.95000076293945
200.0,133.0,0.0,192.0,0.0,965.4000244140625,806.2000122070312,3,11.40999984741211
108.30000305175781,162.39999389648438,0.0,203.5,0.0,938.2000122070312,849.0,28,20.59000015258789
305.29998779296875,203.5,0.0,203.5,0.0,965.4000244140625,631.0,7,25.889999389648438
108.30000305175781,162.39999389648438,0.0,203.5,0.0,938.2000122070312,849.0,90,29.229999542236328
116.0,173.0,0.0,192.0,0.0,909.7999877929688,891.9000244140625,90,31.020000457763672
141.3000030517578,212.0,0.0,203.5,0.0,971.7999877929688,748.5,7,10.390000343322754
157.0,236.0,0.0,192.0,0.0,935.4000244140625,781.2000122070312,28,33.65999984741211
133.0,200.0,0.0,192.0,0.0,927.4000244140625,839.2000122070312,28,27.8700008392334
250.1999969482422,166.8000030517578,0.0,203.5,0.0,977.5999755859375,694.0999755859375,7,19.350000381469727
173.0,116.0,0.0,192.0,0.0,946.7999877929688,856.7999877929688,7,11.390000343322754
192.0,288.0,0.0,192.0,0.0,929.7999877929688,716.0999755859375,3,12.789999961853027
192.0,288.0,0.0,192.0,0.0,929.7999877929688,716.0999755859375,28,39.31999969482422
153.0,102.0,0.0,192.0,0.0,888.0,943.0999755859375,3,4.78000020980835
288.0,192.0,0.0,192.0,0.0,932.0,717.7999877929688,3,16.110000610351562
305.29998779296875,203.5,0.0,203.5,0.0,965.4000244140625,631.0,28,43.380001068115234
236.0,157.0,0.0,192.0,0.0,972.5999755859375,749.0999755859375,7,20.420000076293945
173.0,116.0,0.0,192.0,0.0,946.7999877929688,856.7999877929688,3,6.940000057220459
212.0,141.3000030517578,0.0,203.5,0.0,973.4000244140625,750.0,7,15.029999732971191
236.0,157.0,0.0,192.0,0.0,972.5999755859375,749.0999755859375,3,13.569999694824219
183.89999389648438,122.5999984741211,0.0,203.5,0.0,959.2000122070312,800.0,90,32.529998779296875
166.8000030517578,250.1999969482422,0.0,203.5,0.0,975.5999755859375,692.5999755859375,7,15.75
102.0,153.0,0.0,192.0,0.0,887.0,942.0,7,7.679999828338623
288.0,192.0,0.0,192.0,0.0,932.0,717.7999877929688,28,38.79999923706055
212.0,141.3000030517578,0.0,203.5,0.0,973.4000244140625,750.0,28,33.0
102.0,153.0,0.0,192.0,0.0,887.0,942.0,28,17.280000686645508
173.0,116.0,0.0,192.0,0.0,946.7999877929688,856.7999877929688,28,24.280000686645508
183.89999389648438,122.5999984741211,0.0,203.5,0.0,959.2000122070312,800.0,28,24.049999237060547
133.0,200.0,0.0,192.0,0.0,927.4000244140625,839.2000122070312,90,36.59000015258789
192.0,288.0,0.0,192.0,0.0,929.7999877929688,716.0999755859375,90,50.72999954223633
133.0,200.0,0.0,192.0,0.0,927.4000244140625,839.2000122070312,7,13.65999984741211
305.29998779296875,203.5,0.0,203.5,0.0,965.4000244140625,631.0,3,14.140000343322754
236.0,157.0,0.0,192.0,0.0,972.5999755859375,749.0999755859375,90,47.779998779296875
108.30000305175781,162.39999389648438,0.0,203.5,0.0,938.2000122070312,849.0,3,2.3299999237060547
157.0,236.0,0.0,192.0,0.0,935.4000244140625,781.2000122070312,7,16.889999389648438
288.0,192.0,0.0,192.0,0.0,932.0,717.7999877929688,7,23.520000457763672
212.0,141.3000030517578,0.0,203.5,0.0,973.4000244140625,750.0,3,6.809999942779541
212.0,141.3000030517578,0.0,203.5,0.0,973.4000244140625,750.0,90,39.70000076293945
153.0,102.0,0.0,192.0,0.0,888.0,943.0999755859375,28,17.959999084472656
236.0,157.0,0.0,192.0,0.0,972.5999755859375,749.0999755859375,28,32.880001068115234
116.0,173.0,0.0,192.0,0.0,909.7999877929688,891.9000244140625,28,22.350000381469727
183.89999389648438,122.5999984741211,0.0,203.5,0.0,959.2000122070312,800.0,7,10.789999961853027
108.30000305175781,162.39999389648438,0.0,203.5,0.0,938.2000122070312,849.0,7,7.71999979019165
203.5,305.29998779296875,0.0,203.5,0.0,963.4000244140625,630.0,28,41.68000030517578
203.5,305.29998779296875,0.0,203.5,0.0,963.4000244140625,630.0,3,9.5600004196167
133.0,200.0,0.0,192.0,0.0,927.4000244140625,839.2000122070312,3,6.880000114440918
288.0,192.0,0.0,192.0,0.0,932.0,717.7999877929688,90,50.529998779296875
200.0,133.0,0.0,192.0,0.0,965.4000244140625,806.2000122070312,7,17.170000076293945
200.0,133.0,0.0,192.0,0.0,965.4000244140625,806.2000122070312,28,30.440000534057617
250.1999969482422,166.8000030517578,0.0,203.5,0.0,977.5999755859375,694.0999755859375,3,9.729999542236328
122.5999984741211,183.89999389648438,0.0,203.5,0.0,958.2000122070312,800.0999755859375,3,3.319999933242798
153.0,102.0,0.0,192.0,0.0,888.0,943.0999755859375,90,26.31999969482422
200.0,133.0,0.0,192.0,0.0,965.4000244140625,806.2000122070312,90,43.25
116.0,173.0,0.0,192.0,0.0,909.7999877929688,891.9000244140625,3,6.28000020980835
173.0,116.0,0.0,192.0,0.0,946.7999877929688,856.7999877929688,90,32.099998474121094
250.1999969482422,166.8000030517578,0.0,203.5,0.0,977.5999755859375,694.0999755859375,28,36.959999084472656
305.29998779296875,203.5,0.0,203.5,0.0,965.4000244140625,631.0,90,54.599998474121094
192.0,288.0,0.0,192.0,0.0,929.7999877929688,716.0999755859375,7,21.479999542236328
157.0,236.0,0.0,192.0,0.0,935.4000244140625,781.2000122070312,3,9.6899995803833
153.0,102.0,0.0,192.0,0.0,888.0,943.0999755859375,7,8.369999885559082
141.3000030517578,212.0,0.0,203.5,0.0,971.7999877929688,748.5,90,39.65999984741211
116.0,173.0,0.0,192.0,0.0,909.7999877929688,891.9000244140625,7,10.09000015258789
141.3000030517578,212.0,0.0,203.5,0.0,971.7999877929688,748.5,3,4.829999923706055
122.5999984741211,183.89999389648438,0.0,203.5,0.0,958.2000122070312,800.0999755859375,7,10.350000381469727
166.8000030517578,250.1999969482422,0.0,203.5,0.0,975.5999755859375,692.5999755859375,90,43.56999969482422
203.5,305.29998779296875,0.0,203.5,0.0,963.4000244140625,630.0,90,51.86000061035156
310.0,0.0,0.0,192.0,0.0,1012.0,830.0,3,11.850000381469727
310.0,0.0,0.0,192.0,0.0,1012.0,830.0,7,17.239999771118164
310.0,0.0,0.0,192.0,0.0,1012.0,830.0,28,27.829999923706055
310.0,0.0,0.0,192.0,0.0,1012.0,830.0,90,35.7599983215332
310.0,0.0,0.0,192.0,0.0,1012.0,830.0,120,38.70000076293945
331.0,0.0,0.0,192.0,0.0,1025.0,821.0,3,14.3100004196167
331.0,0.0,0.0,192.0,0.0,1025.0,821.0,7,17.440000534057617
331.0,0.0,0.0,192.0,0.0,1025.0,821.0,28,31.739999771118164
331.0,0.0,0.0,192.0,0.0,1025.0,821.0,90,37.90999984741211
331.0,0.0,0.0,192.0,0.0,1025.0,821.0,120,39.380001068115234
349.0,0.0,0.0,192.0,0.0,1056.0,809.0,3,15.869999885559082
349.0,0.0,0.0,192.0,0.0,1056.0,809.0,7,9.010000228881836
349.0,0.0,0.0,192.0,0.0,1056.0,809.0,28,33.61000061035156
349.0,0.0,0.0,192.0,0.0,1056.0,809.0,90,40.65999984741211
349.0,0.0,0.0,192.0,0.0,1056.0,809.0,120,40.86000061035156
238.0,0.0,0.0,186.0,0.0,1119.0,789.0,7,12.050000190734863
238.0,0.0,0.0,186.0,0.0,1119.0,789.0,28,17.540000915527344
296.0,0.0,0.0,186.0,0.0,1090.0,769.0,7,18.90999984741211
296.0,0.0,0.0,186.0,0.0,1090.0,769.0,28,25.18000030517578
297.0,0.0,0.0,186.0,0.0,1040.0,734.0,7,30.959999084472656
480.0,0.0,0.0,192.0,0.0,936.0,721.0,28,43.88999938964844
480.0,0.0,0.0,192.0,0.0,936.0,721.0,90,54.279998779296875
397.0,0.0,0.0,186.0,0.0,1040.0,734.0,28,36.939998626708984
281.0,0.0,0.0,186.0,0.0,1104.0,774.0,7,14.5
281.0,0.0,0.0,185.0,0.0,1104.0,774.0,28,22.440000534057617
500.0,0.0,0.0,200.0,0.0,1125.0,613.0,1,12.640000343322754
500.0,0.0,0.0,200.0,0.0,1125.0,613.0,3,26.059999465942383
500.0,0.0,0.0,200.0,0.0,1125.0,613.0,7,33.209999084472656
500.0,0.0,0.0,200.0,0.0,1125.0,613.0,14,36.939998626708984
500.0,0.0,0.0,200.0,0.0,1125.0,613.0,28,44.09000015258789
540.0,0.0,0.0,173.0,0.0,1125.0,613.0,7,52.61000061035156
540.0,0.0,0.0,173.0,0.0,1125.0,613.0,14,59.7599983215332
540.0,0.0,0.0,173.0,0.0,1125.0,613.0,28,67.30999755859375
540.0,0.0,0.0,173.0,0.0,1125.0,613.0,90,69.66000366210938
540.0,0.0,0.0,173.0,0.0,1125.0,613.0,180,71.62000274658203
540.0,0.0,0.0,173.0,0.0,1125.0,613.0,270,74.16999816894531
350.0,0.0,0.0,203.0,0.0,974.0,775.0,7,18.1299991607666
350.0,0.0,0.0,203.0,0.0,974.0,775.0,14,22.530000686645508
350.0,0.0,0.0,203.0,0.0,974.0,775.0,28,27.34000015258789
350.0,0.0,0.0,203.0,0.0,974.0,775.0,56,29.979999542236328
350.0,0.0,0.0,203.0,0.0,974.0,775.0,90,31.350000381469727
350.0,0.0,0.0,203.0,0.0,974.0,775.0,180,32.720001220703125
385.0,0.0,0.0,186.0,0.0,966.0,763.0,1,6.269999980926514
385.0,0.0,0.0,186.0,0.0,966.0,763.0,3,14.699999809265137
385.0,0.0,0.0,186.0,0.0,966.0,763.0,7,23.219999313354492
385.0,0.0,0.0,186.0,0.0,966.0,763.0,14,27.920000076293945
385.0,0.0,0.0,186.0,0.0,966.0,763.0,28,31.350000381469727
331.0,0.0,0.0,192.0,0.0,978.0,825.0,180,39.0
331.0,0.0,0.0,192.0,0.0,978.0,825.0,360,41.2400016784668
349.0,0.0,0.0,192.0,0.0,1047.0,806.0,3,14.989999771118164
331.0,0.0,0.0,192.0,0.0,978.0,825.0,3,13.520000457763672
382.0,0.0,0.0,186.0,0.0,1047.0,739.0,7,24.0
382.0,0.0,0.0,186.0,0.0,1047.0,739.0,28,37.41999816894531
382.0,0.0,0.0,186.0,0.0,1111.0,784.0,7,11.470000267028809
281.0,0.0,0.0,186.0,0.0,1104.0,774.0,28,22.440000534057617
339.0,0.0,0.0,185.0,0.0,1069.0,754.0,7,21.15999984741211
339.0,0.0,0.0,185.0,0.0,1069.0,754.0,28,31.84000015258789
295.0,0.0,0.0,185.0,0.0,1069.0,769.0,7,14.800000190734863
295.0,0.0,0.0,185.0,0.0,1069.0,769.0,28,25.18000030517578
238.0,0.0,0.0,185.0,0.0,1118.0,789.0,28,17.540000915527344
296.0,0.0,0.0,192.0,0.0,1085.0,765.0,7,14.199999809265137
296.0,0.0,0.0,192.0,0.0,1085.0,765.0,28,21.649999618530273
296.0,0.0,0.0,192.0,0.0,1085.0,765.0,90,29.389999389648438
331.0,0.0,0.0,192.0,0.0,879.0,825.0,3,13.520000457763672
331.0,0.0,0.0,192.0,0.0,978.0,825.0,7,16.260000228881836
331.0,0.0,0.0,192.0,0.0,978.0,825.0,28,31.450000762939453
331.0,0.0,0.0,192.0,0.0,978.0,825.0,90,37.22999954223633
349.0,0.0,0.0,192.0,0.0,1047.0,806.0,7,18.1299991607666
349.0,0.0,0.0,192.0,0.0,1047.0,806.0,28,32.720001220703125
349.0,0.0,0.0,192.0,0.0,1047.0,806.0,90,39.4900016784668
349.0,0.0,0.0,192.0,0.0,1047.0,806.0,180,41.04999923706055
349.0,0.0,0.0,192.0,0.0,1047.0,806.0,360,42.130001068115234
302.0,0.0,0.0,203.0,0.0,974.0,817.0,14,18.1299991607666
302.0,0.0,0.0,203.0,0.0,974.0,817.0,180,26.739999771118164
525.0,0.0,0.0,189.0,0.0,1125.0,613.0,180,61.91999816894531
500.0,0.0,0.0,200.0,0.0,1125.0,613.0,90,47.220001220703125
500.0,0.0,0.0,200.0,0.0,1125.0,613.0,180,51.040000915527344
500.0,0.0,0.0,200.0,0.0,1125.0,613.0,270,55.15999984741211
540.0,0.0,0.0,173.0,0.0,1125.0,613.0,3,41.63999938964844
252.0,0.0,0.0,185.0,0.0,1111.0,784.0,7,13.710000038146973
252.0,0.0,0.0,185.0,0.0,1111.0,784.0,28,19.690000534057617
339.0,0.0,0.0,185.0,0.0,1060.0,754.0,28,31.649999618530273
393.0,0.0,0.0,192.0,0.0,940.0,758.0,3,19.110000610351562
393.0,0.0,0.0,192.0,0.0,940.0,758.0,28,39.58000183105469
393.0,0.0,0.0,192.0,0.0,940.0,758.0,90,48.790000915527344
382.0,0.0,0.0,185.0,0.0,1047.0,739.0,7,24.0
382.0,0.0,0.0,185.0,0.0,1047.0,739.0,28,37.41999816894531
252.0,0.0,0.0,186.0,0.0,1111.0,784.0,7,11.470000267028809
252.0,0.0,0.0,185.0,0.0,1111.0,784.0,28,19.690000534057617
310.0,0.0,0.0,192.0,0.0,970.0,850.0,7,14.989999771118164
310.0,0.0,0.0,192.0,0.0,970.0,850.0,28,27.920000076293945
310.0,0.0,0.0,192.0,0.0,970.0,850.0,90,34.68000030517578
310.0,0.0,0.0,192.0,0.0,970.0,850.0,180,37.33000183105469
310.0,0.0,0.0,192.0,0.0,970.0,850.0,360,38.11000061035156
525.0,0.0,0.0,189.0,0.0,1125.0,613.0,3,33.79999923706055
525.0,0.0,0.0,189.0,0.0,1125.0,613.0,7,42.41999816894531
525.0,0.0,0.0,189.0,0.0,1125.0,613.0,14,48.400001525878906
525.0,0.0,0.0,189.0,0.0,1125.0,613.0,28,55.939998626708984
525.0,0.0,0.0,189.0,0.0,1125.0,613.0,90,58.779998779296875
525.0,0.0,0.0,189.0,0.0,1125.0,613.0,270,67.11000061035156
322.0,0.0,0.0,203.0,0.0,974.0,800.0,14,20.770000457763672
322.0,0.0,0.0,203.0,0.0,974.0,800.0,28,25.18000030517578
322.0,0.0,0.0,203.0,0.0,974.0,800.0,180,29.59000015258789
302.0,0.0,0.0,203.0,0.0,974.0,817.0,28,21.75
397.0,0.0,0.0,185.0,0.0,1040.0,734.0,28,39.09000015258789
480.0,0.0,0.0,192.0,0.0,936.0,721.0,3,24.389999389648438
522.0,0.0,0.0,146.0,0.0,896.0,896.0,7,50.5099983215332
522.0,0.0,0.0,146.0,0.0,896.0,896.0,28,74.98999786376953
273.0,105.0,82.0,210.0,9.0,904.0,680.0,28,37.16999816894531
162.0,190.0,148.0,179.0,19.0,838.0,741.0,28,33.7599983215332
154.0,144.0,112.0,220.0,10.0,923.0,658.0,28,16.5
147.0,115.0,89.0,202.0,9.0,860.0,829.0,28,19.989999771118164
152.0,178.0,139.0,168.0,18.0,944.0,695.0,28,36.349998474121094
310.0,143.0,111.0,168.0,22.0,914.0,651.0,28,33.689998626708984
144.0,0.0,175.0,158.0,18.0,943.0,844.0,28,15.420000076293945
304.0,140.0,0.0,214.0,6.0,895.0,722.0,28,33.41999816894531
374.0,0.0,0.0,190.0,7.0,1013.0,730.0,28,39.04999923706055
159.0,149.0,116.0,175.0,15.0,953.0,720.0,28,27.68000030517578
153.0,239.0,0.0,200.0,6.0,1002.0,684.0,28,26.860000610351562
310.0,143.0,0.0,168.0,10.0,914.0,804.0,28,45.29999923706055
305.0,0.0,100.0,196.0,10.0,959.0,705.0,28,30.1200008392334
151.0,0.0,184.0,167.0,12.0,991.0,772.0,28,15.569999694824219
142.0,167.0,130.0,174.0,11.0,883.0,785.0,28,44.61000061035156
298.0,137.0,107.0,201.0,6.0,878.0,655.0,28,53.52000045776367
321.0,164.0,0.0,190.0,5.0,870.0,774.0,28,57.209999084472656
366.0,187.0,0.0,191.0,7.0,824.0,757.0,28,65.91000366210938
280.0,129.0,100.0,172.0,9.0,825.0,805.0,28,52.81999969482422
252.0,97.0,76.0,194.0,8.0,835.0,821.0,28,33.400001525878906
165.0,0.0,150.0,182.0,12.0,1023.0,729.0,28,18.030000686645508
156.0,243.0,0.0,180.0,11.0,1022.0,698.0,28,37.36000061035156
160.0,188.0,146.0,203.0,11.0,829.0,710.0,28,32.84000015258789
298.0,0.0,107.0,186.0,6.0,879.0,815.0,28,42.63999938964844
318.0,0.0,126.0,210.0,6.0,861.0,737.0,28,40.060001373291016
287.0,121.0,94.0,188.0,9.0,904.0,696.0,28,41.939998626708984
326.0,166.0,0.0,174.0,9.0,882.0,790.0,28,61.22999954223633
356.0,0.0,142.0,193.0,11.0,801.0,778.0,28,40.869998931884766
132.0,207.0,161.0,179.0,5.0,867.0,736.0,28,33.29999923706055
322.0,149.0,0.0,186.0,8.0,951.0,709.0,28,52.41999816894531
164.0,0.0,200.0,181.0,13.0,849.0,846.0,28,15.09000015258789
314.0,0.0,113.0,170.0,10.0,925.0,783.0,28,38.459999084472656
321.0,0.0,128.0,182.0,11.0,870.0,780.0,28,37.2599983215332
140.0,164.0,128.0,237.0,6.0,869.0,656.0,28,35.22999954223633
288.0,121.0,0.0,177.0,7.0,908.0,829.0,28,42.130001068115234
298.0,0.0,107.0,210.0,11.0,880.0,744.0,28,31.8700008392334
265.0,111.0,86.0,195.0,6.0,833.0,790.0,28,41.540000915527344
160.0,250.0,0.0,168.0,12.0,1049.0,688.0,28,39.45000076293945
166.0,260.0,0.0,183.0,13.0,859.0,827.0,28,37.90999984741211
276.0,116.0,90.0,180.0,9.0,870.0,768.0,28,44.279998779296875
322.0,0.0,116.0,196.0,10.0,818.0,813.0,28,31.18000030517578
149.0,139.0,109.0,193.0,6.0,892.0,780.0,28,23.690000534057617
159.0,187.0,0.0,176.0,11.0,990.0,789.0,28,32.7599983215332
261.0,100.0,78.0,201.0,9.0,864.0,761.0,28,32.400001525878906
237.0,92.0,71.0,247.0,6.0,853.0,695.0,28,28.6299991607666
313.0,0.0,113.0,178.0,8.0,1002.0,689.0,28,36.79999923706055
155.0,183.0,0.0,193.0,9.0,1047.0,697.0,28,18.280000686645508
146.0,230.0,0.0,202.0,3.0,827.0,872.0,28,33.060001373291016
296.0,0.0,107.0,221.0,11.0,819.0,778.0,28,31.420000076293945
133.0,210.0,0.0,196.0,3.0,949.0,795.0,28,31.030000686645508
313.0,145.0,0.0,178.0,8.0,867.0,824.0,28,44.38999938964844
152.0,0.0,112.0,184.0,8.0,992.0,816.0,28,12.180000305175781
153.0,145.0,113.0,178.0,8.0,1002.0,689.0,28,25.559999465942383
140.0,133.0,103.0,200.0,7.0,916.0,753.0,28,36.439998626708984
149.0,236.0,0.0,176.0,13.0,847.0,893.0,28,32.959999084472656
300.0,0.0,120.0,212.0,10.0,878.0,728.0,28,23.84000015258789
153.0,145.0,113.0,178.0,8.0,867.0,824.0,28,26.229999542236328
148.0,0.0,137.0,158.0,16.0,1002.0,830.0,28,17.950000762939453
326.0,0.0,138.0,199.0,11.0,801.0,792.0,28,40.68000030517578
153.0,145.0,0.0,178.0,8.0,1000.0,822.0,28,19.010000228881836
262.0,111.0,86.0,195.0,5.0,895.0,733.0,28,33.720001220703125
158.0,0.0,195.0,220.0,11.0,898.0,713.0,28,8.539999961853027
151.0,0.0,185.0,167.0,16.0,1074.0,678.0,28,13.460000038146973
273.0,0.0,90.0,199.0,11.0,931.0,762.0,28,32.2400016784668
149.0,118.0,92.0,183.0,7.0,953.0,780.0,28,23.520000457763672
143.0,169.0,143.0,191.0,8.0,967.0,643.0,28,29.719999313354492
260.0,101.0,78.0,171.0,10.0,936.0,763.0,28,49.77000045776367
313.0,161.0,0.0,178.0,10.0,917.0,759.0,28,52.439998626708984
284.0,120.0,0.0,168.0,7.0,970.0,794.0,28,40.93000030517578
336.0,0.0,0.0,182.0,3.0,986.0,817.0,28,44.86000061035156
145.0,0.0,134.0,181.0,11.0,979.0,812.0,28,13.199999809265137
150.0,237.0,0.0,174.0,12.0,1069.0,675.0,28,37.43000030517578
144.0,170.0,133.0,192.0,8.0,814.0,805.0,28,29.8700008392334
331.0,170.0,0.0,195.0,8.0,811.0,802.0,28,56.61000061035156
155.0,0.0,143.0,193.0,9.0,1047.0,697.0,28,12.460000038146973
155.0,183.0,0.0,193.0,9.0,877.0,868.0,28,23.790000915527344
135.0,0.0,166.0,180.0,10.0,961.0,805.0,28,13.289999961853027
266.0,112.0,87.0,178.0,10.0,910.0,745.0,28,39.41999816894531
314.0,145.0,113.0,179.0,8.0,869.0,690.0,28,46.22999954223633
313.0,145.0,0.0,127.0,8.0,1000.0,822.0,28,44.52000045776367
146.0,173.0,0.0,182.0,3.0,986.0,817.0,28,23.739999771118164
144.0,136.0,106.0,178.0,7.0,941.0,774.0,28,26.139999389648438
148.0,0.0,182.0,181.0,15.0,839.0,884.0,28,15.520000457763672
277.0,117.0,91.0,191.0,7.0,946.0,666.0,28,43.56999969482422
298.0,0.0,107.0,164.0,13.0,953.0,784.0,28,35.86000061035156
313.0,145.0,0.0,178.0,8.0,1002.0,689.0,28,41.04999923706055
155.0,184.0,143.0,194.0,9.0,880.0,699.0,28,28.989999771118164
289.0,134.0,0.0,195.0,6.0,924.0,760.0,28,46.2400016784668
148.0,175.0,0.0,171.0,2.0,1000.0,828.0,28,26.920000076293945
145.0,0.0,179.0,202.0,8.0,824.0,869.0,28,10.539999961853027
313.0,0.0,0.0,178.0,8.0,1000.0,822.0,28,25.100000381469727
136.0,162.0,126.0,172.0,10.0,923.0,764.0,28,29.06999969482422
155.0,0.0,143.0,193.0,9.0,877.0,868.0,28,9.739999771118164
255.0,99.0,77.0,189.0,6.0,919.0,749.0,28,33.79999923706055
162.0,207.0,172.0,216.0,10.0,822.0,638.0,28,39.84000015258789
136.0,196.0,98.0,199.0,6.0,847.0,783.0,28,26.969999313354492
164.0,163.0,128.0,197.0,8.0,961.0,641.0,28,27.229999542236328
162.0,214.0,164.0,202.0,10.0,820.0,680.0,28,30.649999618530273
157.0,214.0,152.0,200.0,9.0,819.0,704.0,28,33.04999923706055
149.0,153.0,194.0,192.0,8.0,935.0,623.0,28,24.579999923706055
135.0,105.0,193.0,196.0,6.0,965.0,643.0,28,21.90999984741211
159.0,209.0,161.0,201.0,7.0,848.0,669.0,28,30.8799991607666
144.0,15.0,195.0,176.0,6.0,1021.0,709.0,28,15.34000015258789
154.0,174.0,185.0,228.0,7.0,845.0,612.0,28,24.34000015258789
167.0,187.0,195.0,185.0,7.0,898.0,636.0,28,23.889999389648438
184.0,86.0,190.0,213.0,6.0,923.0,623.0,28,22.93000030517578
156.0,178.0,187.0,221.0,7.0,854.0,614.0,28,29.40999984741211
236.89999389648438,91.69999694824219,71.5,246.89999389648438,6.0,852.9000244140625,695.4000244140625,28,28.6299991607666
313.29998779296875,0.0,113.0,178.5,8.0,1001.9000244140625,688.7000122070312,28,36.79999923706055
154.8000030517578,183.39999389648438,0.0,193.3000030517578,9.100000381469727,1047.4000244140625,696.7000122070312,28,18.290000915527344
145.89999389648438,230.5,0.0,202.5,3.4000000953674316,827.0,871.7999877929688,28,32.720001220703125
296.0,0.0,106.69999694824219,221.39999389648438,10.5,819.2000122070312,778.4000244140625,28,31.420000076293945
133.10000610351562,210.1999969482422,0.0,195.6999969482422,3.0999999046325684,949.4000244140625,795.2999877929688,28,28.940000534057617
313.29998779296875,145.0,0.0,178.5,8.0,867.2000122070312,824.0,28,40.93000030517578
151.60000610351562,0.0,111.9000015258789,184.39999389648438,7.900000095367432,992.0,815.9000244140625,28,12.180000305175781
153.10000610351562,145.0,113.0,178.5,8.0,1001.9000244140625,688.7000122070312,28,25.559999465942383
139.89999389648438,132.60000610351562,103.30000305175781,200.3000030517578,7.400000095367432,916.0,753.4000244140625,28,36.439998626708984
149.5,236.0,0.0,175.8000030517578,12.600000381469727,846.7999877929688,892.7000122070312,28,32.959999084472656
299.79998779296875,0.0,119.80000305175781,211.5,9.899999618530273,878.2000122070312,727.5999755859375,28,23.84000015258789
153.10000610351562,145.0,113.0,178.5,8.0,867.2000122070312,824.0,28,26.229999542236328
148.10000610351562,0.0,136.60000610351562,158.10000610351562,16.100000381469727,1001.7999877929688,830.0999755859375,28,17.959999084472656
326.5,0.0,137.89999389648438,199.0,10.800000190734863,801.0999755859375,792.5,28,38.630001068115234
152.6999969482422,144.6999969482422,0.0,178.10000610351562,8.0,999.7000122070312,822.2000122070312,28,19.010000228881836
261.8999938964844,110.5,86.0999984741211,195.39999389648438,5.0,895.2000122070312,732.5999755859375,28,33.720001220703125
158.39999389648438,0.0,194.89999389648438,219.6999969482422,11.0,897.7000122070312,712.9000244140625,28,8.539999961853027
150.6999969482422,0.0,185.3000030517578,166.6999969482422,15.600000381469727,1074.5,678.0,28,13.460000038146973
272.6000061035156,0.0,89.5999984741211,198.6999969482422,10.600000381469727,931.2999877929688,762.2000122070312,28,32.25
149.0,117.5999984741211,91.69999694824219,182.89999389648438,7.099999904632568,953.4000244140625,780.2999877929688,28,23.520000457763672
143.0,169.39999389648438,142.6999969482422,190.6999969482422,8.399999618530273,967.4000244140625,643.5,28,29.729999542236328
259.8999938964844,100.5999984741211,78.4000015258789,170.60000610351562,10.399999618530273,935.7000122070312,762.9000244140625,28,49.77000045776367
312.8999938964844,160.5,0.0,177.60000610351562,9.600000381469727,916.5999755859375,759.5,28,52.45000076293945
284.0,119.69999694824219,0.0,168.3000030517578,7.199999809265137,970.4000244140625,794.2000122070312,28,40.93000030517578
336.5,0.0,0.0,181.89999389648438,3.4000000953674316,985.7999877929688,816.7999877929688,28,44.869998931884766
144.8000030517578,0.0,133.60000610351562,180.8000030517578,11.100000381469727,979.5,811.5,28,13.199999809265137
150.0,236.8000030517578,0.0,173.8000030517578,11.899999618530273,1069.300048828125,674.7999877929688,28,37.43000030517578
143.6999969482422,170.1999969482422,132.60000610351562,191.60000610351562,8.5,814.0999755859375,805.2999877929688,28,29.8700008392334
330.5,169.60000610351562,0.0,194.89999389648438,8.100000381469727,811.0,802.2999877929688,28,56.619998931884766
154.8000030517578,0.0,142.8000030517578,193.3000030517578,9.100000381469727,1047.4000244140625,696.7000122070312,28,12.460000038146973
154.8000030517578,183.39999389648438,0.0,193.3000030517578,9.100000381469727,877.2000122070312,867.7000122070312,28,23.790000915527344
134.6999969482422,0.0,165.6999969482422,180.1999969482422,10.0,961.0,804.9000244140625,28,13.289999961853027
266.20001220703125,112.30000305175781,87.5,177.89999389648438,10.399999618530273,909.7000122070312,744.5,28,39.41999816894531
314.0,145.3000030517578,113.19999694824219,178.89999389648438,8.0,869.0999755859375,690.2000122070312,28,46.22999954223633
312.70001220703125,144.6999969482422,0.0,127.30000305175781,8.0,999.7000122070312,822.2000122070312,28,44.52000045776367
145.6999969482422,172.60000610351562,0.0,181.89999389648438,3.4000000953674316,985.7999877929688,816.7999877929688,28,23.739999771118164
143.8000030517578,136.3000030517578,106.19999694824219,178.10000610351562,7.5,941.5,774.2999877929688,28,26.149999618530273
148.10000610351562,0.0,182.10000610351562,181.39999389648438,15.0,838.9000244140625,884.2999877929688,28,15.529999732971191
277.0,116.80000305175781,91.0,190.60000610351562,7.0,946.5,665.5999755859375,28,43.58000183105469
298.1000061035156,0.0,107.5,163.60000610351562,12.800000190734863,953.2000122070312,784.0,28,35.869998931884766
313.29998779296875,145.0,0.0,178.5,8.0,1001.9000244140625,688.7000122070312,28,41.04999923706055
155.1999969482422,183.89999389648438,143.1999969482422,193.8000030517578,9.199999809265137,879.5999755859375,698.5,28,28.989999771118164
289.0,133.6999969482422,0.0,194.89999389648438,5.5,924.0999755859375,760.0999755859375,28,46.25
147.8000030517578,175.10000610351562,0.0,171.1999969482422,2.200000047683716,1000.0,828.5,28,26.920000076293945
145.39999389648438,0.0,178.89999389648438,201.6999969482422,7.800000190734863,824.0,868.7000122070312,28,10.539999961853027
312.70001220703125,0.0,0.0,178.10000610351562,8.0,999.7000122070312,822.2000122070312,28,25.100000381469727
136.39999389648438,161.60000610351562,125.80000305175781,171.60000610351562,10.399999618530273,922.5999755859375,764.4000244140625,28,29.06999969482422
154.8000030517578,0.0,142.8000030517578,193.3000030517578,9.100000381469727,877.2000122070312,867.7000122070312,28,9.739999771118164
255.3000030517578,98.80000305175781,77.0,188.60000610351562,6.5,919.0,749.2999877929688,28,33.79999923706055
272.79998779296875,105.0999984741211,81.80000305175781,209.6999969482422,9.0,904.0,679.7000122070312,28,37.16999816894531
162.0,190.10000610351562,148.10000610351562,178.8000030517578,18.799999237060547,838.0999755859375,741.4000244140625,28,33.7599983215332
153.60000610351562,144.1999969482422,112.30000305175781,220.10000610351562,10.100000381469727,923.2000122070312,657.9000244140625,28,16.5
146.5,114.5999984741211,89.30000305175781,201.89999389648438,8.800000190734863,860.0,829.5,28,19.989999771118164
151.8000030517578,178.10000610351562,138.6999969482422,167.5,18.299999237060547,944.0,694.5999755859375,28,36.349998474121094
309.8999938964844,142.8000030517578,111.19999694824219,167.8000030517578,22.100000381469727,913.9000244140625,651.2000122070312,28,38.220001220703125
143.60000610351562,0.0,174.89999389648438,158.39999389648438,17.899999618530273,942.7000122070312,844.5,28,15.420000076293945
303.6000061035156,139.89999389648438,0.0,213.5,6.199999809265137,895.5,722.5,28,33.41999816894531
374.29998779296875,0.0,0.0,190.1999969482422,6.699999809265137,1013.2000122070312,730.4000244140625,28,39.060001373291016
158.60000610351562,148.89999389648438,116.0,175.10000610351562,15.0,953.2999877929688,719.7000122070312,28,27.68000030517578
152.60000610351562,238.6999969482422,0.0,200.0,6.300000190734863,1001.7999877929688,683.9000244140625,28,26.860000610351562
310.0,142.8000030517578,0.0,167.89999389648438,10.0,914.2999877929688,804.0,28,45.29999923706055
304.79998779296875,0.0,99.5999984741211,196.0,9.800000190734863,959.4000244140625,705.2000122070312,28,30.1200008392334
150.89999389648438,0.0,183.89999389648438,166.60000610351562,11.600000381469727,991.2000122070312,772.2000122070312,28,15.569999694824219
141.89999389648438,166.60000610351562,129.6999969482422,173.5,10.899999618530273,882.5999755859375,785.2999877929688,28,44.61000061035156
297.79998779296875,137.1999969482422,106.9000015258789,201.3000030517578,6.0,878.4000244140625,655.2999877929688,28,53.52000045776367
321.29998779296875,164.1999969482422,0.0,190.5,4.599999904632568,870.0,774.0,28,57.220001220703125
366.0,187.0,0.0,191.3000030517578,6.599999904632568,824.2999877929688,756.9000244140625,28,65.91000366210938
279.79998779296875,128.89999389648438,100.4000015258789,172.39999389648438,9.5,825.0999755859375,804.9000244140625,28,52.83000183105469
252.10000610351562,97.0999984741211,75.5999984741211,193.8000030517578,8.300000190734863,835.5,821.4000244140625,28,33.400001525878906
164.60000610351562,0.0,150.39999389648438,181.60000610351562,11.699999809265137,1023.2999877929688,728.9000244140625,28,18.030000686645508
155.60000610351562,243.5,0.0,180.3000030517578,10.699999809265137,1022.0,697.7000122070312,28,37.36000061035156
160.1999969482422,188.0,146.39999389648438,203.1999969482422,11.300000190734863,828.7000122070312,709.7000122070312,28,35.310001373291016
298.1000061035156,0.0,107.0,186.39999389648438,6.099999904632568,879.0,815.2000122070312,28,42.63999938964844
317.8999938964844,0.0,126.5,209.6999969482422,5.699999809265137,860.5,736.5999755859375,28,40.060001373291016
287.29998779296875,120.5,93.9000015258789,187.60000610351562,9.199999809265137,904.4000244140625,695.9000244140625,28,43.79999923706055
325.6000061035156,166.39999389648438,0.0,174.0,8.899999618530273,881.5999755859375,790.0,28,61.2400016784668
355.8999938964844,0.0,141.60000610351562,193.3000030517578,11.0,801.4000244140625,778.4000244140625,28,40.869998931884766
132.0,206.5,160.89999389648438,178.89999389648438,5.5,866.9000244140625,735.5999755859375,28,33.310001373291016
322.5,148.60000610351562,0.0,185.8000030517578,8.5,951.0,709.5,28,52.43000030517578
164.1999969482422,0.0,200.10000610351562,181.1999969482422,12.600000381469727,849.2999877929688,846.0,28,15.09000015258789
313.79998779296875,0.0,112.5999984741211,169.89999389648438,10.100000381469727,925.2999877929688,782.9000244140625,28,38.459999084472656
321.3999938964844,0.0,127.9000015258789,182.5,11.5,870.0999755859375,779.7000122070312,28,37.27000045776367
139.6999969482422,163.89999389648438,127.69999694824219,236.6999969482422,5.800000190734863,868.5999755859375,655.5999755859375,28,35.22999954223633
288.3999938964844,121.0,0.0,177.39999389648438,7.0,907.9000244140625,829.5,28,42.13999938964844
298.20001220703125,0.0,107.0,209.6999969482422,11.100000381469727,879.5999755859375,744.2000122070312,28,31.8799991607666
264.5,111.0,86.5,195.5,5.900000095367432,832.5999755859375,790.4000244140625,28,41.540000915527344
159.8000030517578,250.0,0.0,168.39999389648438,12.199999809265137,1049.300048828125,688.2000122070312,28,39.459999084472656
166.0,259.70001220703125,0.0,183.1999969482422,12.699999809265137,858.7999877929688,826.7999877929688,28,37.91999816894531
276.3999938964844,116.0,90.30000305175781,179.60000610351562,8.899999618530273,870.0999755859375,768.2999877929688,28,44.279998779296875
322.20001220703125,0.0,115.5999984741211,196.0,10.399999618530273,817.9000244140625,813.4000244140625,28,31.18000030517578
148.5,139.39999389648438,108.5999984741211,192.6999969482422,6.099999904632568,892.4000244140625,780.0,28,23.700000762939453
159.10000610351562,186.6999969482422,0.0,175.60000610351562,11.300000190734863,989.5999755859375,788.9000244140625,28,32.77000045776367
260.8999938964844,100.5,78.30000305175781,200.60000610351562,8.600000381469727,864.5,761.5,28,32.400001525878906
